quote_no,stage,trip,created_at,calls,last_call,next_call_date,days_since_contact,pax,is_group,quoteid
TDU27256G,Created,2026-08-25,2026-06-19 16:30:15,12,2026-08-17 22:12:52,2026-08-18,1.0,50,True,2357025
TDU27282G,Created,2026-08-27,2026-06-23 15:38:53,5,2026-08-03 20:01:20,2026-08-24,15.0,100,True,2357098
TDU27275G,Created,2026-09-02,2026-06-22 22:19:04,7,2026-08-14 15:27:44,2026-08-20,4.0,200,True,2357085
TDU27316G,Created,2026-09-03,2026-07-03 17:20:09,4,2026-08-12 21:16:50,2026-08-13,6.0,229,True,2357228
TDU27240G,Created,2026-09-09,2026-06-16 18:13:28,5,2026-08-13 20:55:35,2026-09-07,5.0,60,True,2356972
TDU27439G,Created,2026-09-15,2026-08-05 16:33:54,2,2026-08-18 21:15:28,2026-08-21,0.0,15,True,2357710
TDU27480G,Created,2026-09-17,2026-08-12 13:29:03,0,,,,24,True,2357844
TDU27329G,Created,2026-09-17,2026-07-07 13:53:53,4,2026-08-11 15:14:50,2026-08-20,7.0,24,True,2357266
TDU27114G,Created,2026-09-19,2026-05-06 13:25:36,4,2026-08-06 17:26:10,2026-09-03,12.0,50,True,2356487
TDU27246G,Created,2026-09-19,2026-06-17 04:41:25,5,2026-08-06 17:25:56,2026-09-03,12.0,58,True,2356985
TDU27456G,Created,2026-09-20,2026-08-07 16:41:34,0,,,,15,True,2357761
TDU27446G,Created,2026-09-20,2026-08-06 22:09:26,1,2026-08-13 18:02:23,2026-08-18,5.0,12,True,2357748
TDU27356G,Created,2026-09-26,2026-07-16 13:43:25,2,2026-08-13 20:41:00,2026-08-17,5.0,100,True,2357381
TDU27506G,Created,2026-09-26,2026-08-18 15:11:35,0,,2026-09-03,,16,True,2357946
TDU27335G,Created,2026-09-27,2026-07-09 13:31:48,15,2026-08-17 15:06:25,2026-08-18,1.0,40,True,2357289
TDU27071G,Created,2026-09-27,2026-04-26 18:13:26,15,2026-08-11 15:57:00,2026-08-14,7.0,100,True,2356353
TDU27473G,Created,2026-10-05,2026-08-11 12:19:28,1,2026-08-13 17:07:17,2026-08-19,5.0,100,True,2357825
TDU27435G,Created,2026-10-05,2026-08-04 14:42:12,4,2026-08-18 16:23:33,2026-08-25,0.0,110,True,2357682
TDU27238G,Created,2026-10-06,2026-06-16 15:34:27,6,2026-08-13 16:24:34,2026-08-20,5.0,300,True,2356969
TDU27406G,Created,2026-10-11,2026-07-28 09:20:27,2,2026-08-18 16:00:35,2026-08-25,0.0,48,True,2357563
TDU27360G,Created,2026-10-15,2026-07-17 19:02:58,3,2026-08-18 17:27:27,2026-08-27,0.0,16,True,2357409
TDU27420G,Created,2026-10-18,2026-07-31 14:18:44,0,,,,30,True,2357617
TDU26373G,Created,2026-10-23,2025-09-24 05:27:39,1,2026-08-11 16:20:54,2026-08-12,7.0,44,True,2353239
TDU27363G,Created,2026-10-23,2026-07-19 17:24:09,7,2026-08-17 14:49:36,2026-08-19,1.0,48,True,2357439
TDU27444G,Created,2026-10-26,2026-08-06 09:00:15,5,2026-08-18 21:35:45,2026-08-20,0.0,160,True,2357725
TDU27511G,Created,2026-10-27,2026-08-19 05:53:31,0,,,,200,True,2357967
TDU27466G,Created,2026-11-02,2026-08-09 00:00:30,2,2026-08-14 20:49:57,2026-08-24,4.0,16,True,2357804
TDU27467G,Created,2026-11-02,2026-08-09 22:55:32,0,,,,13,True,2357805
TDU27386G,Created,2026-11-04,2026-07-25 13:04:29,2,2026-08-06 17:27:27,2026-09-04,12.0,50,True,2357520
TDU27465G,Created,2026-11-12,2026-08-08 23:32:52,1,2026-08-18 19:10:36,2026-09-08,0.0,18,True,2357803
TDU27453G,Created,2026-11-12,2026-08-07 10:23:29,0,,,,30,True,2357755
TDU27269G,Created,2026-11-14,2026-06-22 14:40:49,9,2026-08-11 15:14:28,2026-08-20,7.0,56,True,2357069
TDU27503G,Created,2026-11-15,2026-08-17 18:34:35,0,,,,25,True,2357930
TDU27460G,Created,2026-11-17,2026-08-07 21:15:27,0,,,,20,True,2357778
TDU27366G,Created,2026-11-18,2026-07-20 11:37:48,2,2026-08-17 17:24:31,2026-08-25,1.0,240,True,2357442
TDU27368G,Created,2026-11-18,2026-07-20 15:39:53,1,2026-08-05 21:12:11,2026-08-25,13.0,240,True,2357446
TDU27468G,Created,2026-11-19,2026-08-10 12:54:40,0,,,,30,True,2357806
TDU27384G,Created,2026-11-20,2026-07-24 21:57:30,2,2026-08-14 22:20:42,2026-08-18,4.0,70,True,2357518
TDU27337G,Created,2026-11-21,2026-07-10 09:58:09,5,2026-08-06 17:26:22,2026-09-03,12.0,66,True,2357305
TDU27504G,Created,2026-11-21,2026-08-17 18:35:25,0,,,,25,True,2357931
TDU27441G,Created,2026-11-23,2026-08-05 18:58:24,5,2026-08-14 15:32:00,,4.0,30,True,2357719
TDU27461G,Created,2026-11-23,2026-08-07 21:16:39,0,,,,20,True,2357779
TDU27239G,Created,2026-12-01,2026-06-16 17:30:04,9,2026-08-11 15:17:11,2026-08-19,7.0,150,True,2356971
TDU27377G,Created,2026-12-03,2026-07-22 16:18:56,2,2026-08-14 21:02:47,2026-08-24,4.0,70,True,2357479
TDU27507G,Created,2026-12-05,2026-08-18 16:45:01,0,,,,16,True,2357951
TDU27512G,Created,2026-12-05,2026-08-19 06:09:32,0,,,,20,True,2357968
TDU27385G,Created,2026-12-10,2026-07-25 12:35:12,3,2026-08-14 21:03:10,2026-08-24,4.0,40,True,2357519
TDU27387G,Created,2026-12-12,2026-07-25 14:34:35,3,2026-08-13 15:07:50,2026-08-19,5.0,40,True,2357521
TDU27493G,Created,2026-12-17,2026-08-14 18:59:13,0,,,,12,True,2357904
TDU27486G,Created,2026-12-21,2026-08-13 21:44:07,0,,2026-09-07,,12,True,2357882
TDU27501G,Created,2026-12-24,2026-08-17 11:16:06,1,2026-08-18 17:28:12,2026-08-27,0.0,15,True,2357923
TDU27487G,Created,2027-01-10,2026-08-14 06:17:33,0,,,,12,True,2357891
TDU27192G,Created,2027-01-10,2026-06-02 22:58:21,8,2026-08-13 19:43:57,2026-09-02,5.0,400,True,2356800
TDU27489G,Created,2027-01-11,2026-08-14 06:33:02,1,2026-08-18 20:46:07,2026-09-05,0.0,12,True,2357893
TDU27457G,Created,2027-01-12,2026-08-07 18:21:04,0,,,,12,True,2357769
TDU27471G,Created,2027-01-17,2026-08-10 14:07:31,1,2026-08-12 14:16:00,,6.0,300,True,2357809
TDU27422G,Created,2027-02-10,2026-08-01 17:18:37,1,2026-08-13 17:09:55,2026-08-18,5.0,250,True,2357640
TDU27508G,Created,2027-02-11,2026-08-18 17:29:48,0,,,,16,True,2357954
TDU27445G,Created,2027-02-15,2026-08-06 18:45:09,1,2026-08-18 19:09:57,2026-09-08,0.0,20,True,2357737
TDU27479G,Created,2027-02-17,2026-08-12 10:12:14,0,,,,15,True,2357843
TDU27382G,Created,2027-02-22,2026-07-23 23:55:29,1,2026-08-05 20:54:03,2026-08-25,13.0,450,True,2357507
TDU27462G,Created,2027-03-01,2026-08-07 22:19:49,0,,,,25,True,2357780
TDU27482G,Created,2027-03-05,2026-08-13 07:01:55,1,2026-08-13 20:56:28,2026-09-01,5.0,30,True,2357859
TDU27481G,Created,2027-03-10,2026-08-12 22:38:30,0,,,,20,True,2357853
TDU27483G,Created,2027-03-12,2026-08-13 07:20:59,1,2026-08-13 20:56:39,2026-09-01,5.0,30,True,2357860
TDU27449G,Created,2027-03-28,2026-08-07 00:32:49,1,2026-08-14 22:10:31,2026-08-19,4.0,120,True,2357751
TDU27450G,Created,2027-04-12,2026-08-07 00:34:28,1,2026-08-14 22:10:52,2026-08-19,4.0,120,True,2357752
TDU27447G,Created,2027-04-16,2026-08-06 23:55:21,1,2026-08-18 19:10:09,2026-09-08,0.0,20,True,2357749
TDU27458G,Created,2027-04-17,2026-08-07 19:42:22,2,2026-08-18 22:01:09,2026-08-21,0.0,26,True,2357772
TDU27463G,Created,2027-04-19,2026-08-07 23:27:32,2,2026-08-14 16:58:10,2026-08-19,4.0,60,True,2357782
TDU27459G,Created,2027-04-24,2026-08-07 20:14:01,2,2026-08-18 22:01:17,2026-08-21,0.0,26,True,2357775
TDU27448G,Created,2027-04-26,2026-08-06 23:56:19,1,2026-08-18 19:10:19,2026-09-08,0.0,20,True,2357750
TDU27505G,Created,2027-05-01,2026-08-17 21:31:03,0,,,,20,True,2357936
TDU27469G,Created,2027-05-18,2026-08-10 12:59:01,0,,,,20,True,2357807
