file,field,blank_or_null,empty_string,null_literal,rows,percent
daily_runs.csv,id,0,0,0,11822,0.0
daily_runs.csv,run_date,0,0,0,11822,0.0
daily_runs.csv,user_name,0,0,0,11822,0.0
daily_runs.csv,bucket,0,0,0,11822,0.0
daily_runs.csv,item_type,0,0,0,11822,0.0
daily_runs.csv,item_id,0,0,0,11822,0.0
daily_runs.csv,position,0,0,0,11822,0.0
daily_runs.csv,original_owner,9074,0,9074,11822,76.76
vtiger_payment_history.csv,auto_id,0,0,0,2339,0.0
vtiger_payment_history.csv,quoteid,0,0,0,2339,0.0
vtiger_payment_history.csv,source,1302,1302,0,2339,55.66
vtiger_payment_history.csv,invoice_id,2339,0,2339,2339,100.0
vtiger_payment_history.csv,trams_remarks,1267,230,1037,2339,54.17
vtiger_payment_history.csv,total_amount,1302,1302,0,2339,55.66
vtiger_payment_history.csv,trams_received_amount,1037,0,1037,2339,44.34
vtiger_payment_history.csv,reference_no,1053,16,1037,2339,45.02
vtiger_payment_history.csv,balance_amount,2339,0,2339,2339,100.0
vtiger_payment_history.csv,payment_method,1037,1037,0,2339,44.34
vtiger_payment_history.csv,process_date,1037,0,1037,2339,44.34
vtiger_payment_history.csv,modified_date,2339,0,2339,2339,100.0
vtiger_payment_history.csv,modified_by,2339,2339,0,2339,100.0
vtiger_payment_history.csv,pay_type,1040,1040,0,2339,44.46
vtiger_payment_history.csv,added_on,0,0,0,2339,0.0
vtiger_payment_history.csv,added_by,0,0,0,2339,0.0
vtiger_payment_history.csv,cleared_date,2339,0,2339,2339,100.0
vtiger_payment_history.csv,cleared_by,2339,0,2339,2339,100.0
vtiger_payment_history.csv,is_reconciliated,2339,0,2339,2339,100.0
vtiger_quotes.csv,quoteid,0,0,0,9973,0.0
vtiger_quotes.csv,subject,0,0,0,9973,0.0
vtiger_quotes.csv,potentialid,9646,0,9646,9973,96.72
vtiger_quotes.csv,quotestage,0,0,0,9973,0.0
vtiger_quotes.csv,validtill,9646,0,9646,9973,96.72
vtiger_quotes.csv,contactid,0,0,0,9973,0.0
vtiger_quotes.csv,quote_no,0,0,0,9973,0.0
vtiger_quotes.csv,subtotal,9646,0,9646,9973,96.72
vtiger_quotes.csv,carrier,9973,327,9646,9973,100.0
vtiger_quotes.csv,shipping,9973,327,9646,9973,100.0
vtiger_quotes.csv,inventorymanager,9646,0,9646,9973,96.72
vtiger_quotes.csv,type,9973,327,9646,9973,100.0
vtiger_quotes.csv,adjustment,9646,0,9646,9973,96.72
vtiger_quotes.csv,total,9646,0,9646,9973,96.72
vtiger_quotes.csv,taxtype,9646,0,9646,9973,96.72
vtiger_quotes.csv,discount_percent,9646,0,9646,9973,96.72
vtiger_quotes.csv,discount_amount,9646,0,9646,9973,96.72
vtiger_quotes.csv,s_h_amount,9646,0,9646,9973,96.72
vtiger_quotes.csv,accountid,0,0,0,9973,0.0
vtiger_quotes.csv,terms_conditions,9646,0,9646,9973,96.72
vtiger_quotes.csv,currency_id,0,0,0,9973,0.0
vtiger_quotes.csv,conversion_rate,0,0,0,9973,0.0
vtiger_quotes.csv,compound_taxes_info,9647,0,9647,9973,96.73
vtiger_quotes.csv,pre_tax_total,9646,0,9646,9973,96.72
vtiger_quotes.csv,s_h_percent,9646,0,9646,9973,96.72
vtiger_quotes.csv,tags,9973,327,9646,9973,100.0
vtiger_quotes.csv,region_id,9646,0,9646,9973,96.72
vtiger_quotes.csv,addtoqb,9646,0,9646,9973,96.72
vtiger_quotes.csv,qbcreatedtime,9973,327,9646,9973,100.0
vtiger_quotes.csv,qbmodifiedtime,9973,327,9646,9973,100.0
vtiger_quotes.csv,qbid,9973,327,9646,9973,100.0
vtiger_quotes.csv,projectid,9646,0,9646,9973,96.72
vtiger_quotes.csv,banktransfercharges,9646,0,9646,9973,96.72
vtiger_quotes.csv,lastsent1w,9646,0,9646,9973,96.72
vtiger_quotes.csv,lastsent2w,9646,0,9646,9973,96.72
vtiger_quotes.csv,markup,9646,0,9646,9973,96.72
vtiger_quotes.csv,quote_type,9972,326,9646,9973,99.99
vtiger_quotes.csv,tour_type,9972,326,9646,9973,99.99
vtiger_quotes.csv,quote_category,9971,325,9646,9973,99.98
vtiger_quotes.csv,ta_margin,9646,0,9646,9973,96.72
vtiger_quotes.csv,total_new,9646,0,9646,9973,96.72
vtiger_quotes.csv,country,72,72,0,9973,0.72
vtiger_quotes.csv,pa_features,9973,327,9646,9973,100.0
vtiger_quotes.csv,sync_to_wp,9646,0,9646,9973,96.72
vtiger_quotes.csv,productidwp,9973,327,9646,9973,100.0
vtiger_quotes.csv,created_at,0,0,0,9973,0.0
vtiger_quotes.csv,created_by,349,327,22,9973,3.5
vtiger_quotes.csv,mode,1067,336,731,9973,10.7
vtiger_quotes.csv,no_pax,3398,0,3398,9973,34.07
vtiger_quotes.csv,duplicate,9681,327,9354,9973,97.07
vtiger_quotes.csv,adults,0,0,0,9973,0.0
vtiger_quotes.csv,children,0,0,0,9973,0.0
vtiger_quotes.csv,infants,0,0,0,9973,0.0
vtiger_quotes.csv,focs,0,0,0,9973,0.0
vtiger_quotes.csv,nsingle_room,0,0,0,9973,0.0
vtiger_quotes.csv,ndouble_room,0,0,0,9973,0.0
vtiger_quotes.csv,ntriple_room,0,0,0,9973,0.0
vtiger_quotes.csv,nchild_without_bed,0,0,0,9973,0.0
vtiger_quotes.csv,groupid,0,0,0,9973,0.0
vtiger_quotes.csv,child_ages,8569,8569,0,9973,85.92
vtiger_quotes.csv,auto_email_follow_up,0,0,0,9973,0.0
vtiger_quotes.csv,auto_email_follow_up_datetime,0,0,0,9973,0.0
vtiger_quotes.csv,deleted,0,0,0,9973,0.0
vtiger_quotes.csv,ref_quote_no,9922,3727,6195,9973,99.49
vtiger_quotes.csv,ai_ref_id,0,0,0,9973,0.0
vtiger_quotes.csv,extra_mup,0,0,0,9973,0.0
vtiger_quotes.csv,overwrite_mup,9947,0,9947,9973,99.74
vtiger_quotes.csv,visa_pax_path,9887,3732,6155,9973,99.14
vtiger_quotes.csv,help_needed,0,0,0,9973,0.0
vtiger_quotes.csv,itinerary_ready,0,0,0,9973,0.0
vtiger_quotes.csv,quote_rejected_pending_process,0,0,0,9973,0.0
vtiger_quotescf.csv,quoteid,0,0,0,9973,0.0
vtiger_quotescf.csv,cf_1020,9973,9973,0,9973,100.0
vtiger_quotescf.csv,cf_1024,9973,9973,0,9973,100.0
vtiger_quotescf.csv,cf_1162,0,0,0,9973,0.0
vtiger_quotescf.csv,cf_1172,9973,9973,0,9973,100.0
vtiger_quotescf.csv,cf_1174,9973,9973,0,9973,100.0
vtiger_quotescf.csv,cf_1176,9973,9973,0,9973,100.0
vtiger_quotescf.csv,cf_1182,8906,0,8906,9973,89.3
vtiger_quotescf.csv,cf_1182_pending,9962,0,9962,9973,99.89
vtiger_quotescf.csv,cf_1184,0,0,0,9973,0.0
vtiger_quotescf.csv,cf_1186,0,0,0,9973,0.0
vtiger_quotescf.csv,cf_1188,3148,0,3148,9973,31.57
vtiger_quotescf.csv,cf_1190,0,0,0,9973,0.0
vtiger_quotescf.csv,cf_1192,0,0,0,9973,0.0
vtiger_quotescf.csv,cf_1196,0,0,0,9973,0.0
vtiger_quotescf.csv,cf_1200,9645,0,9645,9973,96.71
vtiger_quotescf.csv,cf_1202,9958,313,9645,9973,99.85
vtiger_quotescf.csv,cf_1204,9965,320,9645,9973,99.92
vtiger_quotescf.csv,cf_1206,0,0,0,9973,0.0
vtiger_quotescf.csv,cf_1208,0,0,0,9973,0.0
vtiger_quotescf.csv,cf_1220,9973,328,9645,9973,100.0
vtiger_quotescf.csv,cf_1224,9973,328,9645,9973,100.0
vtiger_quotescf.csv,cf_1250,9973,9973,0,9973,100.0
vtiger_quotescf.csv,cf_1252,9645,0,9645,9973,96.71
vtiger_quotescf.csv,cf_1254,9973,9973,0,9973,100.0
vtiger_quotescf.csv,cf_1256,9645,0,9645,9973,96.71
vtiger_quotescf.csv,cf_1258,9973,9973,0,9973,100.0
vtiger_quotescf.csv,cf_1260,9645,0,9645,9973,96.71
vtiger_quotescf.csv,cf_1272,9973,9973,0,9973,100.0
vtiger_quotescf.csv,cf_1274,9973,9973,0,9973,100.0
vtiger_quotescf.csv,cf_1276,9973,9973,0,9973,100.0
vtiger_quotescf.csv,cf_1278,9973,9973,0,9973,100.0
vtiger_quotescf.csv,cf_1280,9973,9973,0,9973,100.0
vtiger_quotescf.csv,cf_1282,9973,9973,0,9973,100.0
vtiger_quotescf.csv,cf_1319,9973,9973,0,9973,100.0
vtiger_quotescf.csv,cf_1321,9973,9973,0,9973,100.0
vtiger_quotescf.csv,cf_1323,9973,9973,0,9973,100.0
vtiger_quotescf.csv,cf_1325,9973,9973,0,9973,100.0
vtiger_quotescf.csv,cf_1327,9973,9973,0,9973,100.0
vtiger_quotescf.csv,cf_1329,9973,9973,0,9973,100.0
vtiger_quotescf.csv,cf_1423,0,0,0,9973,0.0
vtiger_quotescf.csv,cf_1435,9968,323,9645,9973,99.95
vtiger_quotescf.csv,cf_1442,9973,9973,0,9973,100.0
vtiger_quotescf.csv,cf_1446,0,0,0,9973,0.0
vtiger_quotescf.csv,cf_1455,9973,328,9645,9973,100.0
vtiger_quotescf.csv,cf_1542,4634,4634,0,9973,46.47
vtiger_quotescf.csv,cf_1544,9645,0,9645,9973,96.71
vtiger_quotescf.csv,cf_1565,0,0,0,9973,0.0
vtiger_quotescf.csv,cf_1571,9973,9973,0,9973,100.0
vtiger_quotescf.csv,cf_1573,9973,328,9645,9973,100.0
vtiger_quotescf.csv,cf_1575,9973,9973,0,9973,100.0
vtiger_quotes_followup.csv,auto_id,0,0,0,25901,0.0
vtiger_quotes_followup.csv,quoteid,0,0,0,25901,0.0
vtiger_quotes_followup.csv,quotetype,0,0,0,25901,0.0
vtiger_quotes_followup.csv,followup_type,0,0,0,25901,0.0
vtiger_quotes_followup.csv,next_follow_up_date,0,0,0,25901,0.0
vtiger_quotes_followup.csv,description,2067,1,2066,25901,7.98
vtiger_quotes_followup.csv,outcome,23829,0,23829,25901,92.0
vtiger_quotes_followup.csv,followup,6668,37,6631,25901,25.74
vtiger_quotes_followup.csv,calltime,6631,0,6631,25901,25.6
vtiger_quotes_followup.csv,created_at,0,0,0,25901,0.0
vtiger_quotes_followup.csv,created_by,1663,0,1663,25901,6.42
vtiger_quotes_followup.csv,travel_agent_contact_name,3681,3515,165,25901,14.21
vtiger_quotes_followup.csv,office_phone,25540,19337,6203,25901,98.61
vtiger_quotes_followup.csv,mobile_phone,5343,5178,165,25901,20.63
vtiger_quotes_followup.csv,email,4650,4485,165,25901,17.95
vtiger_quote_stage_track.csv,auto_id,0,0,0,221070,0.0
vtiger_quote_stage_track.csv,quoteid,0,0,0,221070,0.0
vtiger_quote_stage_track.csv,user_name,3456,3456,0,221070,1.56
vtiger_quote_stage_track.csv,stage,0,0,0,221070,0.0
vtiger_quote_stage_track.csv,created_at,0,0,0,221070,0.0
vtiger_users.csv,id,0,0,0,77,0.0
vtiger_users.csv,user_name,0,0,0,77,0.0
vtiger_users.csv,first_name,2,2,0,77,2.6
vtiger_users.csv,last_name,0,0,0,77,0.0
vtiger_users.csv,title,0,0,0,77,0.0
vtiger_users.csv,department,58,58,0,77,75.32
vtiger_users.csv,profile_picture_path,63,63,0,77,81.82
vtiger_users.csv,status,0,0,0,77,0.0
vtiger_users.csv,quote_view,0,0,0,77,0.0
vtiger_users.csv,file_access,0,0,0,77,0.0
vtiger_users.csv,quote_pricing,0,0,0,77,0.0
vtiger_users.csv,alias_name,74,74,0,77,96.1
vtiger_users.csv,delete_tag,0,0,0,77,0.0
vtiger_users.csv,mailbox_all,0,0,0,77,0.0
vtiger_users.csv,view_followup,0,0,0,77,0.0
