auto_id,quoteid,source,process_date,added_on,total_amount
1,2261017,initial,NULL,2024-11-08 11:15:23,41226
4,2261017,final,NULL,2024-11-08 18:39:46,41856
5,2259779,initial,NULL,2024-11-11 10:10:52,123519
7,2347402,initial,NULL,2024-11-12 09:48:12,111992
9,2347188,initial,NULL,2024-11-12 10:10:33,30
12,2347213,initial,NULL,2024-11-12 10:14:56,29873
18,2228623,initial,NULL,2024-11-25 21:14:23,25108
19,2347122,initial,NULL,2024-12-02 22:20:08,91251
20,2347451,initial,NULL,2024-12-03 01:11:56,98466
26,2347157,initial,NULL,2024-12-13 15:29:51,18681
33,40,initial,NULL,2024-12-23 09:56:01,43441
37,40,final,NULL,2024-12-23 18:24:40,43411
38,2347898,initial,NULL,2024-12-23 21:19:41,2094
42,2228623,initial,NULL,2024-12-26 21:04:44,30556
43,2228623,initial,NULL,2024-12-26 21:04:48,30556
50,2228623,final,NULL,2024-12-26 21:24:29,30526
56,2347788,initial,NULL,2024-12-30 18:16:43,4962.12
58,2347788,final,NULL,2024-12-31 15:59:25,4932.12
66,2347638,initial,NULL,2025-01-07 11:46:16,3715
72,2348193,initial,NULL,2025-01-12 05:32:45,9583
91,2347643,initial,NULL,2025-01-16 01:20:29,93625
97,2348223,initial,NULL,2025-01-18 19:42:29,2738.84
98,2348223,final,NULL,2025-01-18 19:43:03,2708.84
102,2347378,initial,NULL,2025-01-21 02:16:31,79840
108,2348413,initial,NULL,2025-01-22 17:34:14,2416
110,2347064,initial,NULL,2025-01-22 18:52:50,47554
130,2348408,initial,NULL,2025-01-23 18:13:12,1716
138,2348545,final,NULL,2025-01-24 14:06:49,2120
139,2348545,initial,NULL,2025-01-24 14:21:49,2150
150,2347098,initial,NULL,2025-01-28 10:36:03,114270
152,2348459,final,NULL,2025-01-28 11:35:09,7634
158,2311427,initial,NULL,2025-01-29 23:51:01,125544
161,2348459,initial,NULL,2025-01-31 10:20:26,6781
168,2348406,initial,NULL,2025-02-03 18:33:13,3948
169,2349450,initial,NULL,2025-02-03 21:39:29,948
174,2348463,initial,NULL,2025-02-04 12:32:55,2948
176,2347432,initial,NULL,2025-02-04 12:36:50,50094
178,2348251,initial,NULL,2025-02-04 16:09:05,4946
181,2348349,initial,NULL,2025-02-04 18:12:13,1042
184,2348452,initial,NULL,2025-02-09 11:56:32,3486
194,2349548,initial,NULL,2025-02-12 21:37:55,6170
204,2349400,initial,NULL,2025-02-14 14:58:20,2048
206,18,final,NULL,2025-02-14 15:16:47,46052
209,2348352,initial,NULL,2025-02-14 17:59:17,7130
212,2348352,final,NULL,2025-02-14 18:31:36,6260
214,2349463,initial,NULL,2025-02-15 17:41:30,3602
218,2348231,initial,NULL,2025-02-19 01:57:00,2578
228,2349680,initial,NULL,2025-02-21 22:19:25,984
230,2348456,initial,NULL,2025-02-25 18:51:48,4674
235,2348484,initial,NULL,2025-02-26 17:13:38,6590
236,2349625,initial,NULL,2025-02-26 20:46:09,3140
240,2348349,final,NULL,2025-02-28 11:15:07,4312
243,2347378,final,NULL,2025-02-28 11:22:57,100666
244,2349450,final,NULL,2025-02-28 11:24:26,918
246,2347432,final,NULL,2025-02-28 11:27:07,50064
248,2311427,final,NULL,2025-02-28 11:44:39,133186
249,2347098,final,NULL,2025-02-28 11:54:13,114240
254,2347637,initial,NULL,2025-02-28 12:07:02,6845
255,2347637,final,NULL,2025-02-28 12:07:12,6815
261,2349723,initial,NULL,2025-03-03 16:54:47,3214
267,2349667,initial,NULL,2025-03-04 18:12:06,6870
271,2348226,initial,NULL,2025-03-04 19:17:45,43864
274,51,initial,NULL,2025-03-06 13:43:38,62040
277,2348486,initial,NULL,2025-03-06 23:49:37,1992
278,2348496,initial,NULL,2025-03-06 23:50:43,1248
284,2186233,initial,NULL,2025-03-07 14:45:40,30984
285,2348452,final,NULL,2025-03-07 16:35:36,3600
291,2349891,initial,NULL,2025-03-07 18:15:06,704
292,2349579,initial,NULL,2025-03-07 19:04:50,2433
294,2349532,initial,NULL,2025-03-10 16:08:34,3600
297,2348496,final,NULL,2025-03-11 16:54:58,1257
302,2347331,initial,NULL,2025-03-13 13:56:08,12192
305,2349809,initial,NULL,2025-03-13 20:24:40,526
309,2349918,initial,NULL,2025-03-17 15:45:52,3400
314,2350056,initial,NULL,2025-03-18 16:46:19,602
324,2349464,initial,NULL,2025-03-20 14:04:10,5620
325,2349696,initial,NULL,2025-03-20 16:13:08,5469
332,2349997,initial,NULL,2025-03-21 09:47:23,1339
335,2349938,initial,NULL,2025-03-21 16:09:18,1164
336,2349938,final,NULL,2025-03-21 16:11:21,2414
338,2349890,initial,NULL,2025-03-21 17:21:19,27234
347,51,final,NULL,2025-03-25 10:51:37,62010
349,2350091,initial,NULL,2025-03-25 11:27:35,2388
350,2349678,initial,NULL,2025-03-25 12:27:54,2622
351,2349678,final,NULL,2025-03-25 12:28:04,2592
353,2350048,initial,NULL,2025-03-25 12:43:52,663
354,2350048,final,NULL,2025-03-25 12:44:05,633
361,2349400,final,NULL,2025-03-25 17:40:17,1316
362,2349890,final,NULL,2025-03-25 20:41:05,26604
364,2347643,final,NULL,2025-03-25 22:55:11,89408
370,2350205,initial,NULL,2025-03-27 14:02:34,1630
372,2350206,initial,NULL,2025-03-27 14:04:35,3255
377,2349672,initial,NULL,2025-03-27 16:44:36,2974
378,2350222,initial,NULL,2025-03-27 18:17:08,315
379,2350222,final,NULL,2025-03-27 18:17:14,285
383,2349759,initial,NULL,2025-03-27 21:43:16,4762
391,2350074,initial,NULL,2025-04-02 11:21:53,3218
392,2350074,final,NULL,2025-04-02 11:22:05,3188
393,2350116,initial,NULL,2025-04-02 13:18:12,3864
396,2350292,initial,NULL,2025-04-03 15:58:05,1004
398,2183852,initial,NULL,2025-04-03 19:28:37,79519
399,2347731,initial,NULL,2025-04-03 20:08:07,53622
423,2347732,initial,NULL,2025-04-09 14:37:03,76110
432,2349770,initial,NULL,2025-04-09 18:05:16,4336
434,2350189,initial,NULL,2025-04-09 18:36:41,2898
435,2350103,initial,NULL,2025-04-09 18:45:40,4654
437,2350171,initial,NULL,2025-04-10 09:49:20,36401
438,2350171,final,NULL,2025-04-10 09:51:47,37771
443,2347732,final,NULL,2025-04-10 16:28:43,71524
446,2350097,initial,NULL,2025-04-10 17:03:58,3184
449,2350253,initial,NULL,2025-04-10 21:59:07,5938
450,2348274,initial,NULL,2025-04-11 10:43:33,58110
451,2348283,initial,NULL,2025-04-11 13:03:02,77646
455,2350403,initial,NULL,2025-04-11 17:34:29,160
459,2350243,initial,NULL,2025-04-14 18:03:07,5973
461,2350474,initial,NULL,2025-04-14 21:56:35,150
467,2350230,initial,NULL,2025-04-15 14:42:27,7869
468,2350267,initial,NULL,2025-04-15 14:52:50,5769
471,2348283,final,NULL,2025-04-15 18:18:08,76468
472,2348274,final,NULL,2025-04-15 18:28:31,120480
478,2350170,initial,NULL,2025-04-16 18:47:08,11256
479,2349357,initial,NULL,2025-04-16 20:54:19,1874
480,2350124,initial,NULL,2025-04-16 22:20:20,6699
484,2350375,initial,NULL,2025-04-17 22:10:09,7097
489,2350375,final,NULL,2025-04-21 22:09:51,7067
494,2350471,initial,NULL,2025-04-22 09:49:55,156
496,2348509,initial,NULL,2025-04-22 17:15:53,9874
497,2350584,initial,NULL,2025-04-22 17:36:19,350
501,2350420,initial,NULL,2025-04-22 21:14:14,1914
503,2350081,initial,NULL,2025-04-22 21:44:30,10125
508,2350424,initial,NULL,2025-04-23 17:04:44,17652
510,2350534,initial,NULL,2025-04-24 17:04:49,510
512,2350612,initial,NULL,2025-04-24 17:32:33,3941
515,2347331,final,NULL,2025-04-24 17:48:50,12288
520,2350019,initial,NULL,2025-04-24 19:40:00,3538
527,2350583,initial,NULL,2025-04-28 12:33:57,7621
532,2349731,initial,NULL,2025-04-28 16:40:37,7598
537,2350594,initial,NULL,2025-04-29 13:35:50,2878
538,2350422,initial,NULL,2025-04-29 14:12:49,3095
539,2347731,final,NULL,2025-04-29 15:07:57,57282
546,2349955,initial,NULL,2025-04-29 17:47:32,7470
549,2349731,final,NULL,2025-04-29 18:20:28,8374
551,2350617,initial,NULL,2025-04-29 18:30:28,11398
552,2350536,initial,NULL,2025-04-29 19:08:21,7497
558,2348579,initial,NULL,2025-04-29 21:30:22,65730
560,2350551,initial,NULL,2025-04-30 11:43:33,5301
561,2350676,initial,NULL,2025-04-30 11:52:30,606
570,2350507,initial,NULL,2025-04-30 18:09:15,15863
572,2350494,initial,NULL,2025-04-30 19:28:58,16218
576,2350573,initial,NULL,2025-05-02 15:43:59,29046
579,2350609,initial,NULL,2025-05-02 17:48:43,22716
582,2183852,final,NULL,2025-05-03 17:03:04,88489
587,2350256,initial,NULL,2025-05-05 15:58:37,4078
594,2349832,initial,NULL,2025-05-05 20:52:14,43730
596,2349832,final,NULL,2025-05-05 21:36:26,43700
608,2350529,final,NULL,2025-05-06 17:05:07,3225
609,2350529,initial,NULL,2025-05-06 17:05:18,3255
611,2350718,initial,NULL,2025-05-06 17:56:19,4734
613,2350651,initial,NULL,2025-05-06 20:18:57,8097
625,2347525,initial,NULL,2025-05-08 15:12:12,68295
627,2350524,initial,NULL,2025-05-08 21:59:51,9360
629,2350731,initial,NULL,2025-05-08 22:06:29,2100
630,2350748,initial,NULL,2025-05-08 22:55:31,3954
636,2350825,initial,NULL,2025-05-09 14:06:15,2670
638,2348579,final,NULL,2025-05-09 15:22:46,69170.99
643,2350826,final,NULL,2025-05-09 16:02:20,176
644,2350826,initial,NULL,2025-05-09 16:03:57,206
649,2350255,initial,NULL,2025-05-09 22:31:47,1758
650,2350670,initial,NULL,2025-05-09 22:39:02,1088
651,2350771,final,NULL,2025-05-10 22:00:00,474
652,2350771,initial,NULL,2025-05-10 22:01:50,504
654,2350811,initial,NULL,2025-05-11 15:44:31,507
662,2350719,initial,NULL,2025-05-13 16:15:36,1308
666,2350370,initial,NULL,2025-05-14 13:40:02,3652
670,2350855,initial,NULL,2025-05-15 13:41:25,4938
674,2350356,initial,NULL,2025-05-15 13:53:18,12426
675,2350786,initial,NULL,2025-05-15 13:58:00,2780
679,2347526,initial,NULL,2025-05-15 16:55:46,34470
685,2350847,initial,NULL,2025-05-17 21:31:14,1443
686,2350370,final,NULL,2025-05-19 09:49:10,3622
691,2350936,initial,NULL,2025-05-21 09:44:16,580
694,2350952,initial,NULL,2025-05-21 22:59:57,204
695,2350952,final,NULL,2025-05-21 23:00:03,174
697,2350898,initial,NULL,2025-05-22 17:06:46,314
700,2350989,initial,NULL,2025-05-23 11:20:02,249
706,2351009,initial,NULL,2025-05-24 19:12:26,21850
709,2350720,initial,NULL,2025-05-27 13:47:26,1096
712,2350402,initial,NULL,2025-05-27 15:58:34,6006
719,2351042,final,NULL,2025-05-27 21:37:28,1256
720,2351042,initial,NULL,2025-05-27 21:37:37,1286
723,2350556,initial,NULL,2025-05-28 15:21:48,26280
726,2350986,initial,NULL,2025-05-30 13:05:04,3357
727,2348331,initial,NULL,2025-05-30 13:44:22,42707
730,2351104,initial,NULL,2025-05-30 20:15:23,166
731,2350972,initial,NULL,2025-05-31 16:28:24,2820
733,2350454,initial,NULL,2025-06-01 15:18:57,993
734,2350998,initial,NULL,2025-06-01 19:17:38,1426
735,2350494,final,NULL,2025-06-02 13:10:17,13895
737,2350943,initial,NULL,2025-06-03 16:02:06,2550
738,2351094,initial,NULL,2025-06-03 19:20:31,2835
741,2351139,initial,NULL,2025-06-04 00:25:03,3378
742,2350972,final,NULL,2025-06-04 11:58:59,2790
745,2350556,final,NULL,2025-06-05 14:11:12,26700
750,2351094,final,NULL,2025-06-05 15:08:28,3095
751,2350573,final,NULL,2025-06-05 16:08:33,29404
756,2351189,initial,NULL,2025-06-06 15:03:54,190
762,2350587,initial,NULL,2025-06-07 17:23:46,20044
763,2351200,initial,NULL,2025-06-09 16:12:44,1596
768,2351222,initial,NULL,2025-06-09 20:20:55,486
770,2350485,initial,NULL,2025-06-09 22:40:27,2934
772,2351070,initial,NULL,2025-06-09 22:41:44,151
775,2350488,initial,NULL,2025-06-10 13:41:22,3128
778,2351241,initial,NULL,2025-06-10 20:38:05,3580
779,2351257,initial,NULL,2025-06-10 21:42:39,490
790,2351269,initial,NULL,2025-06-11 22:11:19,122
792,2350764,initial,NULL,2025-06-12 09:32:18,12448
793,2351106,initial,NULL,2025-06-12 13:16:54,2715
796,2351271,initial,NULL,2025-06-12 15:56:40,525
798,2350720,final,NULL,2025-06-12 17:38:14,1066
799,2351202,initial,NULL,2025-06-12 17:50:46,4046
803,2351223,initial,NULL,2025-06-12 20:15:41,4687
806,2351282,initial,NULL,2025-06-13 21:25:37,552
809,2350943,final,NULL,2025-06-16 14:55:49,2520
813,2351289,initial,NULL,2025-06-17 15:10:55,4654
815,2350778,initial,NULL,2025-06-17 16:32:01,5750
820,2351342,initial,NULL,2025-06-17 17:39:16,538
821,2351207,initial,NULL,2025-06-17 21:50:10,2230
824,2350205,final,NULL,2025-06-18 19:18:42,926.2
825,2351268,final,NULL,2025-06-18 20:44:32,11462
826,2351268,initial,NULL,2025-06-18 20:45:20,11692
828,2350905,initial,NULL,2025-06-19 13:47:24,4656
833,2351353,final,NULL,2025-06-19 16:41:56,1890
834,2351353,initial,NULL,2025-06-19 16:42:07,1920
836,2350853,initial,NULL,2025-06-20 16:32:23,7038
840,2351093,initial,NULL,2025-06-23 09:46:30,35701
841,2350448,initial,NULL,2025-06-23 12:10:26,2480
843,2351139,final,NULL,2025-06-23 14:40:08,3313
844,2347064,final,NULL,2025-06-23 15:33:27,47839
850,2350587,final,NULL,2025-06-23 19:04:46,20014
853,2351125,initial,NULL,2025-06-25 11:23:39,3851.1
857,2350651,final,NULL,2025-06-26 17:59:25,6767
858,2351289,final,NULL,2025-06-26 18:04:08,4674
860,2350449,final,NULL,2025-06-27 22:16:04,10816.99
861,2350449,initial,NULL,2025-06-27 22:16:28,10846.99
866,2350841,initial,NULL,2025-07-01 14:51:23,28859
867,2350841,final,NULL,2025-07-01 14:52:07,26197
868,2351154,initial,NULL,2025-07-02 16:57:43,5811
870,2351586,initial,NULL,2025-07-03 23:19:25,3030
871,2351547,initial,NULL,2025-07-04 17:26:38,166
874,2351482,initial,NULL,2025-07-05 17:43:20,2436
875,2351637,initial,NULL,2025-07-05 23:30:56,339
877,2351579,initial,NULL,2025-07-07 13:07:45,4506
884,2351516,initial,NULL,2025-07-08 21:59:42,8238
890,2351349,initial,NULL,2025-07-11 23:21:34,995
893,2351665,initial,NULL,2025-07-12 14:30:08,1077
902,2348406,final,NULL,2025-07-16 13:57:06,3786
906,2350536,final,NULL,2025-07-18 16:08:41,6741
909,2351652,initial,NULL,2025-07-18 22:35:15,3163
914,2351853,initial,NULL,2025-07-19 15:47:16,1796
922,2351390,initial,NULL,2025-07-22 17:57:51,3578
924,2351822,initial,NULL,2025-07-22 17:59:55,1826
927,2351345,initial,NULL,2025-07-23 19:54:18,1775
928,2351877,initial,NULL,2025-07-23 19:57:10,1304
932,2351766,initial,NULL,2025-07-24 10:14:53,8518
939,2348575,initial,NULL,2025-07-24 22:13:07,8862
946,2349827,initial,NULL,2025-07-28 14:03:40,30498
947,2350960,initial,NULL,2025-07-28 14:11:39,5565
949,2351516,final,NULL,2025-07-28 15:41:55,7264
950,2351785,initial,NULL,2025-07-28 23:05:18,1918
956,2352020,initial,NULL,2025-07-29 20:29:30,380
964,2351318,initial,NULL,2025-07-31 15:48:22,5064
969,2351482,final,NULL,2025-07-31 19:48:39,2406
970,2351919,initial,NULL,2025-07-31 20:37:26,1326
971,2351584,initial,NULL,2025-07-31 20:43:59,3866
973,2352043,initial,NULL,2025-07-31 23:39:12,3425
976,2351846,initial,NULL,2025-08-01 11:31:06,2120
977,2351929,initial,NULL,2025-08-01 15:40:45,5626
984,2351958,initial,NULL,2025-08-02 19:20:50,9066
987,2351579,final,NULL,2025-08-04 14:08:57,4226
988,2352010,initial,NULL,2025-08-04 15:26:16,1770
990,2351399,initial,NULL,2025-08-04 16:36:54,5274
995,2350402,final,NULL,2025-08-05 14:06:04,5604
997,2351835,initial,NULL,2025-08-05 17:43:01,780
998,2351835,final,NULL,2025-08-05 17:43:45,750
1001,2351969,initial,NULL,2025-08-05 19:11:44,2494
1008,2352155,initial,NULL,2025-08-06 15:55:27,1302
1013,2351225,initial,NULL,2025-08-06 18:11:01,1989
1015,2352155,final,NULL,2025-08-06 18:22:59,1272
1017,2351849,initial,NULL,2025-08-07 12:57:14,17658
1019,2352069,initial,NULL,2025-08-07 21:59:17,1138
1025,2351390,final,NULL,2025-08-08 15:31:05,3647
1027,2351888,initial,NULL,2025-08-08 23:14:33,1618
1028,2351888,final,NULL,2025-08-08 23:15:11,1600
1035,2352228,initial,NULL,2025-08-11 21:39:42,159
1037,2352236,initial,NULL,2025-08-11 21:58:27,510
1038,2351975,initial,NULL,2025-08-11 23:04:02,342
1044,2350960,final,NULL,2025-08-13 16:22:19,5727
1047,2351420,initial,NULL,2025-08-13 18:31:55,5148
1054,2350245,initial,NULL,2025-08-14 15:54:34,5926
1055,2351654,initial,NULL,2025-08-14 15:57:31,11486
1059,2351478,initial,NULL,2025-08-14 17:23:17,5240
1064,2352269,initial,NULL,2025-08-15 10:38:21,2548
1068,2351958,final,NULL,2025-08-18 15:25:12,8616
1075,2352300,initial,NULL,2025-08-20 13:38:09,2479
1077,2352416,initial,NULL,2025-08-20 14:41:36,1697
1081,2351833,initial,NULL,2025-08-20 17:20:05,3212
1082,2351331,initial,NULL,2025-08-21 09:54:31,9040
1084,2351822,final,NULL,2025-08-21 13:33:25,1186
1087,2351851,initial,NULL,2025-08-21 15:33:31,3638
1090,2351952,initial,NULL,2025-08-22 11:47:23,4358
1092,2352040,initial,NULL,2025-08-22 17:33:37,5016
1094,2351251,initial,NULL,2025-08-22 19:47:46,1129.98
1098,2352158,initial,NULL,2025-08-22 20:58:35,2230
1100,2351581,initial,NULL,2025-08-23 15:33:52,5750
1101,2352505,initial,NULL,2025-08-23 15:34:04,471
1105,2352100,initial,NULL,2025-08-23 18:48:16,4049
1109,2352543,initial,NULL,2025-08-25 15:37:00,5618
1110,2348456,final,NULL,2025-08-26 14:33:43,4644
1114,2352469,initial,NULL,2025-08-26 17:04:08,340
1115,2351556,initial,NULL,2025-08-26 17:15:22,15866
1128,2352543,final,NULL,2025-08-27 20:40:32,5588
1135,2351895,initial,NULL,2025-08-28 20:56:41,14294
1137,2351805,initial,NULL,2025-08-29 15:19:26,9934
1138,2352638,initial,NULL,2025-08-29 17:29:40,3582
1143,2352040,final,NULL,2025-08-29 22:53:09,4986
1144,2352198,initial,NULL,2025-08-30 17:26:31,2170
1149,2352702,initial,NULL,2025-09-01 21:21:27,656
1152,2352038,initial,NULL,2025-09-02 15:40:44,116
1154,2352570,initial,NULL,2025-09-03 10:51:30,2382
1156,2352273,initial,NULL,2025-09-03 18:52:56,9822
1158,2351559,initial,NULL,2025-09-03 21:00:03,200674
1165,2352226,initial,NULL,2025-09-04 15:13:31,333
1166,2352600,initial,NULL,2025-09-04 16:19:13,1834
1168,2352489,initial,NULL,2025-09-04 17:19:43,11462
1169,2352173,initial,NULL,2025-09-05 14:16:06,10056
1174,2350520,initial,NULL,2025-09-05 16:16:53,83646
1176,2350520,final,NULL,2025-09-05 16:33:29,85030
1177,2352509,initial,NULL,2025-09-05 19:13:35,14894
1179,2352347,initial,NULL,2025-09-06 16:15:35,3030
1181,2352469,final,NULL,2025-09-06 16:52:10,586
1182,2352132,initial,NULL,2025-09-06 18:25:20,3998
1184,2351827,initial,NULL,2025-09-08 13:29:04,10590
1188,2352216,initial,NULL,2025-09-08 18:08:30,1836
1189,2351663,initial,NULL,2025-09-08 18:09:12,4652
1191,2352888,initial,NULL,2025-09-08 21:21:26,1878
1194,2352888,final,NULL,2025-09-08 21:58:34,1668
1201,2352732,initial,NULL,2025-09-09 21:50:38,545
1203,2351895,final,NULL,2025-09-10 16:17:17,14144
1204,2352865,initial,NULL,2025-09-10 19:19:22,350
1208,2352914,initial,NULL,2025-09-11 15:32:42,13358
1216,2351597,initial,NULL,2025-09-12 14:09:36,7558
1226,2351876,initial,NULL,2025-09-15 23:36:14,20222
1228,2350552,initial,NULL,2025-09-16 15:09:02,6038
1233,2353044,initial,NULL,2025-09-16 17:44:24,760
1237,2352445,initial,NULL,2025-09-16 22:31:44,2962
1238,2352982,initial,NULL,2025-09-16 23:36:56,1008
1253,2352914,final,NULL,2025-09-17 14:24:53,10480
1256,2351864,initial,NULL,2025-09-17 17:09:50,2450
1276,2350808,initial,NULL,2025-09-19 17:22:19,102580
1277,2350808,final,NULL,2025-09-19 17:22:29,106528
1278,2353146,initial,NULL,2025-09-19 18:34:14,1846
1282,2353146,final,NULL,2025-09-19 18:44:01,1676
1293,2352643,initial,NULL,2025-09-22 22:34:28,10596
1296,2351315,initial,NULL,2025-09-23 15:07:49,66434
1301,2352068,initial,NULL,2025-09-23 17:22:03,3678
1305,2353231,initial,NULL,2025-09-23 23:34:45,855
1307,2352483,initial,NULL,2025-09-24 20:09:24,11750
1308,2352502,initial,NULL,2025-09-24 20:09:30,3342
1309,2353196,initial,NULL,2025-09-25 11:17:33,3841
1317,2352416,final,NULL,2025-09-25 15:19:21,1667
1318,2352891,initial,NULL,2025-09-25 16:01:56,8306
1330,2352585,initial,NULL,2025-09-26 14:33:48,31350
1331,2352815,initial,NULL,2025-09-26 15:49:15,4676
1339,2352964,initial,NULL,2025-09-26 21:51:22,5946
1344,2351677,initial,NULL,2025-09-29 12:09:16,5140
1348,2353306,initial,NULL,2025-09-29 14:44:38,784
1355,2353021,initial,NULL,2025-09-29 18:41:46,2676
1358,2351569,initial,NULL,2025-09-30 15:26:53,3580
1360,2352684,initial,NULL,2025-09-30 16:09:10,3973
1364,2353038,initial,NULL,2025-09-30 22:04:53,3828
1365,2353037,initial,NULL,2025-09-30 22:05:42,3952
1373,2351760,initial,NULL,2025-10-01 16:34:33,3435
1374,2350434,initial,NULL,2025-10-01 16:43:12,35997
1375,2350434,final,NULL,2025-10-01 16:43:26,34770
1376,2350356,final,NULL,2025-10-01 16:51:44,12375
1379,2351207,final,NULL,2025-10-01 19:02:53,1870
1381,2352138,initial,NULL,2025-10-01 19:35:47,7056
1395,2351677,final,NULL,2025-10-03 17:30:05,5110
1398,2352424,initial,NULL,2025-10-03 21:12:54,4676
1399,2353285,initial,NULL,2025-10-03 21:39:04,3046
1400,2353275,initial,NULL,2025-10-04 13:30:03,1882
1403,2353245,initial,NULL,2025-10-06 09:34:07,3483
1404,2353245,final,NULL,2025-10-06 09:34:14,3453
1405,2350462,initial,NULL,2025-10-06 09:34:20,6960
1409,2353423,initial,NULL,2025-10-06 17:05:01,1226
1416,2352741,initial,NULL,2025-10-06 19:29:44,5664
1417,2352741,initial,NULL,2025-10-06 19:29:51,5664
1419,2352037,initial,NULL,2025-10-06 21:07:12,25980
1426,2352959,initial,NULL,2025-10-07 15:51:08,15470
1429,2352622,initial,NULL,2025-10-07 17:09:13,7846
1431,2353162,initial,NULL,2025-10-07 17:34:50,3798
1436,2351293,initial,NULL,2025-10-07 23:21:07,4148
1441,2352275,initial,NULL,2025-10-08 15:18:20,8848
1446,2351293,final,NULL,2025-10-08 17:07:02,4118
1447,2352138,final,NULL,2025-10-08 17:33:23,7026
1449,2353429,initial,NULL,2025-10-08 22:58:28,2814
1452,2352238,initial,NULL,2025-10-08 23:24:29,1104
1453,2352455,initial,NULL,2025-10-08 23:25:07,12906
1455,2352008,initial,NULL,2025-10-09 13:52:57,915
1460,2352367,initial,NULL,2025-10-09 15:30:17,9014
1461,2353449,initial,NULL,2025-10-09 19:38:32,265
1462,2352621,initial,NULL,2025-10-09 21:03:01,3150
1474,2352568,initial,NULL,2025-10-10 15:43:03,8064
1489,2353439,initial,NULL,2025-10-11 16:46:25,2224
1492,2352158,final,NULL,2025-10-13 09:13:46,2056
1493,2351597,final,NULL,2025-10-13 09:15:47,7528
1494,2351827,final,NULL,2025-10-13 09:20:54,10702
1505,2353523,initial,NULL,2025-10-13 16:24:31,6526
1510,2353465,initial,NULL,2025-10-13 20:46:20,5866
1511,2352731,initial,NULL,2025-10-13 20:49:14,2210
1512,2353383,initial,NULL,2025-10-13 20:52:35,9443
1514,2351804,initial,NULL,2025-10-13 22:58:09,5470
1516,2352483,final,NULL,2025-10-14 16:58:31,11720
1521,2353085,initial,NULL,2025-10-14 22:10:49,4590
1523,2353359,initial,NULL,2025-10-14 22:12:42,3180
1525,2351928,initial,NULL,2025-10-15 12:55:16,16638
1526,2350565,initial,NULL,2025-10-15 16:39:14,21910
1529,2353375,initial,NULL,2025-10-15 17:40:55,11754
1543,2348185,initial,NULL,2025-10-16 12:05:48,65851
1547,2353279,initial,NULL,2025-10-16 16:53:14,614
1548,2352683,initial,NULL,2025-10-16 16:57:38,5654
1555,2353574,initial,NULL,2025-10-16 22:26:04,2922
1557,2352404,initial,NULL,2025-10-16 23:28:32,18726
1560,2353575,initial,NULL,2025-10-17 14:40:24,1064
1572,2353565,initial,NULL,2025-10-18 16:20:27,157
1576,2353568,initial,NULL,2025-10-18 21:38:32,2488
1580,2353370,initial,NULL,2025-10-20 09:01:59,7287
1582,2353639,initial,NULL,2025-10-20 18:04:01,6334
1595,2353230,initial,NULL,2025-10-21 17:14:34,4206
1596,2353230,final,NULL,2025-10-21 17:15:46,4037
1597,2353598,initial,NULL,2025-10-21 22:54:29,780
1599,2347645,initial,NULL,2025-10-22 11:59:12,65412
1604,2352070,initial,NULL,2025-10-22 17:42:30,10950
1608,2352342,initial,NULL,2025-10-22 21:20:57,219893
1610,2353660,initial,NULL,2025-10-22 21:36:42,143
1611,2353660,final,NULL,2025-10-22 21:36:52,113
1615,2352175,initial,NULL,2025-10-23 15:52:29,17557
1616,2351892,initial,NULL,2025-10-23 16:20:31,4734
1625,2353553,initial,NULL,2025-10-24 18:13:12,144
1627,2353406,initial,NULL,2025-10-24 18:40:41,1283
1636,2352039,initial,NULL,2025-10-27 15:06:24,2742
1637,2352039,final,NULL,2025-10-27 15:06:55,1618
1640,2353552,initial,NULL,2025-10-27 16:38:42,4179
1647,2353554,initial,NULL,2025-10-27 17:52:06,1900
1648,2352181,initial,NULL,2025-10-27 17:54:01,5796
1675,2352086,initial,NULL,2025-10-28 16:44:06,1372
1684,2352251,initial,NULL,2025-10-28 23:03:34,15234
1686,2353686,initial,NULL,2025-10-28 23:10:28,1308
1692,2353623,initial,NULL,2025-10-29 19:22:59,8503
1702,2352252,initial,NULL,2025-10-30 14:39:37,61260
1703,2352527,initial,NULL,2025-10-30 18:16:35,2302
1709,2353643,initial,NULL,2025-10-30 22:58:49,3854
1727,2353596,initial,NULL,2025-10-31 17:48:42,14406
1728,2353596,final,NULL,2025-10-31 17:52:30,13856
1734,2353159,initial,NULL,2025-10-31 19:29:11,11199
1742,2352741,final,NULL,2025-10-31 23:19:36,5791.28
1743,2353775,initial,NULL,2025-11-01 22:31:25,170
1748,2352764,initial,NULL,2025-11-03 16:31:08,14446
1752,2353607,initial,NULL,2025-11-03 18:03:33,3843
1753,2353489,initial,NULL,2025-11-03 18:46:53,10030
1754,2350431,initial,NULL,2025-11-03 20:06:33,68890
1756,2353595,initial,NULL,2025-11-03 21:12:39,590
1760,2353749,initial,NULL,2025-11-04 18:02:47,2544
1762,2350565,final,NULL,2025-11-04 18:15:05,21880
1767,2352923,initial,NULL,2025-11-05 13:41:04,13942
1774,2353787,initial,NULL,2025-11-05 16:30:05,802
1775,2353330,initial,NULL,2025-11-05 16:35:24,8634
1782,2350939,initial,NULL,2025-11-06 13:16:14,43052
1793,2353361,initial,NULL,2025-11-06 16:33:44,5454
1797,2353871,initial,NULL,2025-11-06 18:27:19,2714
1798,2353404,initial,NULL,2025-11-06 19:53:06,1214
1803,2353917,initial,NULL,2025-11-06 21:41:43,3159
1817,2353808,initial,NULL,2025-11-07 22:42:00,8200
1818,2353878,initial,NULL,2025-11-07 22:42:27,410
1821,2353952,initial,NULL,2025-11-08 15:02:33,207
1827,2353871,final,NULL,2025-11-08 18:09:28,2684
1829,2353954,initial,NULL,2025-11-08 21:55:37,426
1844,2353655,initial,NULL,2025-11-10 18:16:18,3868
1846,2352326,initial,NULL,2025-11-10 22:22:05,8170
1849,2353895,initial,NULL,2025-11-11 14:51:53,1395
1855,2353927,initial,NULL,2025-11-11 18:26:42,972
1862,2352261,initial,NULL,2025-11-11 23:36:05,9447
1863,2352261,final,NULL,2025-11-11 23:36:17,10057
1864,2350939,final,NULL,2025-11-11 23:40:10,43022
1868,2353361,final,NULL,2025-11-11 23:45:51,5424
1869,2186233,final,NULL,2025-11-11 23:50:42,29753.4
1881,2353878,final,NULL,2025-11-12 18:29:49,380
1885,2353249,initial,NULL,2025-11-12 23:12:39,1720
1894,2352961,initial,NULL,2025-11-13 17:06:21,15971
1896,2350953,initial,NULL,2025-11-13 17:46:49,29517
1898,2353920,initial,NULL,2025-11-13 23:04:36,3072
1900,2352961,final,NULL,2025-11-14 09:18:33,15941
1904,2352778,initial,NULL,2025-11-14 16:00:43,6022
1905,2350844,initial,NULL,2025-11-14 22:29:59,3792
1906,2354055,initial,NULL,2025-11-15 22:19:28,2002
1911,2353321,initial,NULL,2025-11-17 20:07:37,1622
1923,2353687,initial,NULL,2025-11-18 16:52:06,4066
1925,2353687,final,NULL,2025-11-18 16:57:55,4259.5
1926,2353527,initial,NULL,2025-11-18 17:07:43,256
1929,2353233,initial,NULL,2025-11-18 21:22:02,4366
1930,2353827,initial,NULL,2025-11-18 21:31:12,1044
1942,2352180,initial,NULL,2025-11-20 11:10:02,7362
1943,2352180,final,NULL,2025-11-20 11:10:13,7332
1944,2350336,initial,NULL,2025-11-20 11:34:42,133359
1945,2350336,final,NULL,2025-11-20 11:37:46,135834.73
1951,2352366,initial,NULL,2025-11-20 17:58:57,61365
1952,2353987,initial,NULL,2025-11-20 19:05:52,160
1953,2347814,initial,NULL,2025-11-20 19:39:03,51966
1958,2349828,initial,NULL,2025-11-21 11:54:25,35960
1960,2352757,initial,NULL,2025-11-21 15:28:51,1446
1966,2353908,initial,NULL,2025-11-24 14:57:50,2636
1967,2353198,initial,NULL,2025-11-24 16:05:45,1687
1968,2354243,initial,NULL,2025-11-24 16:07:49,2698
1969,2354243,final,NULL,2025-11-24 16:07:57,2668
1970,2352376,initial,NULL,2025-11-24 16:22:34,4368
1971,2351943,initial,NULL,2025-11-24 17:35:39,166
1973,2350064,initial,NULL,2025-11-24 22:43:34,5072
1976,2354144,initial,NULL,2025-11-25 11:38:54,8574
1990,2352478,initial,NULL,2025-11-26 11:38:58,40590
1995,2350977,initial,NULL,2025-11-26 16:20:03,46670
2003,2353540,initial,NULL,2025-11-27 12:37:57,5982
2004,2353781,initial,NULL,2025-11-27 13:27:41,4070
2012,2354114,initial,NULL,2025-11-27 20:23:17,3891
2019,2354188,initial,NULL,2025-11-28 09:18:25,12651
2021,2354330,initial,NULL,2025-11-28 10:32:29,3820
2025,2349704,initial,NULL,2025-11-28 13:07:03,71614
2026,2349704,final,NULL,2025-11-28 13:07:15,71584
2027,2349426,initial,NULL,2025-11-28 13:28:17,12330
2029,2350230,final,NULL,2025-11-28 16:44:42,7845
2032,2350740,initial,NULL,2025-11-28 17:02:45,15049
2035,2353833,initial,NULL,2025-11-28 20:54:32,1296
2045,2354279,initial,NULL,2025-12-01 20:54:07,3623
2051,2353764,initial,NULL,2025-12-02 18:19:06,59258
2055,2352763,initial,NULL,2025-12-03 18:12:15,4950
2063,2354071,initial,NULL,2025-12-03 21:57:40,747
2064,2353317,initial,NULL,2025-12-03 22:15:24,5210
2068,2354006,initial,NULL,2025-12-04 17:30:08,4022
2072,2353616,initial,NULL,2025-12-04 19:24:47,7152
2074,2354334,initial,NULL,2025-12-05 09:38:30,2858
2078,2353069,initial,NULL,2025-12-05 19:54:17,30
2079,2352444,initial,NULL,2025-12-06 09:24:52,12278
2090,2354414,initial,NULL,2025-12-08 14:49:58,4016
2093,2352609,initial,NULL,2025-12-08 15:10:40,4308
2100,2352110,initial,NULL,2025-12-08 17:44:13,8305
2105,2354032,initial,NULL,2025-12-08 21:56:00,9406
2107,2353349,initial,NULL,2025-12-08 22:52:44,7232
2109,2353265,initial,NULL,2025-12-09 15:06:45,4365
2110,2353266,initial,NULL,2025-12-09 15:10:36,4560
2117,2354178,initial,NULL,2025-12-09 19:53:13,12878
2132,2352569,initial,NULL,2025-12-10 17:46:06,3904
2136,2353468,initial,NULL,2025-12-11 12:36:09,5152
2140,2354151,initial,NULL,2025-12-11 19:25:37,4816
2143,2354367,initial,NULL,2025-12-11 22:34:03,1528
2145,2354476,initial,NULL,2025-12-11 23:28:37,936
2146,2352364,initial,NULL,2025-12-11 23:42:19,31569
2147,2353946,initial,NULL,2025-12-12 00:01:02,14622
2150,2354397,initial,NULL,2025-12-12 16:51:17,3758
2151,2354032,final,NULL,2025-12-12 17:15:49,9376
2152,2354008,initial,NULL,2025-12-12 18:31:24,1566
2153,2354362,initial,NULL,2025-12-12 19:26:42,2224
2156,2354374,initial,NULL,2025-12-12 20:16:52,2600
2162,2353742,initial,NULL,2025-12-12 21:31:21,10788
2166,2353366,initial,NULL,2025-12-13 16:50:44,12010
2167,2352675,initial,NULL,2025-12-13 17:49:56,4912
2171,2353813,initial,NULL,2025-12-15 15:12:46,4437
2177,2354461,initial,NULL,2025-12-15 23:49:51,4398
2179,2352314,initial,NULL,2025-12-15 23:54:21,3154
2183,2353069,final,NULL,2025-12-16 17:09:10,0
2189,2353462,initial,NULL,2025-12-16 19:09:16,5610
2201,2354054,initial,NULL,2025-12-17 23:05:44,4871
2205,2354561,initial,NULL,2025-12-18 09:36:43,2092
2206,2354144,final,NULL,2025-12-18 10:23:32,9142
2215,2354602,initial,NULL,2025-12-18 17:46:18,1528
2216,2354589,initial,NULL,2025-12-18 17:46:39,7752
2217,2353685,initial,NULL,2025-12-18 18:48:41,2758
2225,2350625,initial,NULL,2025-12-19 10:09:52,54124
2226,2350625,final,NULL,2025-12-19 10:49:05,58594
2231,2351848,initial,NULL,2025-12-19 13:28:56,62954
2232,2351848,final,NULL,2025-12-19 13:29:06,59576
2236,2353207,initial,NULL,2025-12-19 17:03:57,11330
2239,2353435,initial,NULL,2025-12-19 17:24:44,6262
2245,2354468,initial,NULL,2025-12-19 18:25:20,7678
2246,2353491,initial,NULL,2025-12-19 18:26:01,5928
2247,2351076,initial,NULL,2025-12-19 19:30:35,1887
2248,2354513,initial,NULL,2025-12-19 19:47:02,2766
2252,2351076,final,NULL,2025-12-19 20:23:55,1857
2256,2354012,initial,NULL,2025-12-19 23:06:55,1114
2257,2354630,initial,NULL,2025-12-19 23:27:09,1922
2266,2353036,initial,NULL,2025-12-20 17:55:58,8522
2268,2354038,initial,NULL,2025-12-22 13:08:31,9516
2270,2353476,initial,NULL,2025-12-22 14:18:37,44382
2294,2352900,initial,NULL,2025-12-22 20:20:06,67632
2295,2352900,initial,NULL,2025-12-22 20:20:12,67632
2296,2352900,initial,NULL,2025-12-22 20:20:14,67632
2297,2352900,initial,NULL,2025-12-22 20:20:20,67632
2298,2352900,initial,NULL,2025-12-22 20:20:22,67632
2299,2352900,initial,NULL,2025-12-22 20:20:23,67632
2300,2352900,initial,NULL,2025-12-22 20:20:25,67632
2311,2353505,initial,NULL,2025-12-23 17:47:37,4338
2312,2353607,final,NULL,2025-12-23 19:42:11,4281
2319,2352023,initial,NULL,2025-12-24 18:57:33,10638
2321,2350876,initial,NULL,2025-12-24 19:33:06,1067
2330,2354646,initial,NULL,2025-12-24 23:36:48,2212
2331,2353015,initial,NULL,2025-12-25 18:24:46,5248
2333,2353891,initial,NULL,2025-12-26 19:04:00,7266
2349,2353714,initial,NULL,2025-12-30 13:53:27,11438
2354,2354742,initial,NULL,2025-12-30 17:34:09,1880.001
2359,2353496,initial,NULL,2025-12-31 16:57:02,9306
2361,2352237,initial,NULL,2025-12-31 17:08:37,336
2373,2354742,final,NULL,2025-12-31 17:41:56,1850.001
2376,2354196,initial,NULL,2025-12-31 22:05:39,2254
2377,2352352,initial,NULL,2026-01-01 01:39:18,6194
2380,2353944,initial,NULL,2026-01-02 16:18:32,79
2382,2354219,initial,NULL,2026-01-02 17:16:54,7442
2383,2353767,initial,NULL,2026-01-02 17:29:05,1988
2384,2353733,initial,NULL,2026-01-02 17:31:51,18939
2386,2352177,initial,NULL,2026-01-02 17:38:28,11143
2387,2354139,initial,NULL,2026-01-02 17:48:22,1868
2388,2354445,initial,NULL,2026-01-02 18:50:23,7742
2392,2354743,initial,NULL,2026-01-03 16:35:57,2529
2393,2353556,initial,NULL,2026-01-03 19:31:22,20574
2394,2353759,initial,NULL,2026-01-03 23:14:40,14030
2396,2353427,initial,NULL,2026-01-05 15:33:52,9722
2399,2354571,initial,NULL,2026-01-05 17:55:06,3410
2407,2354604,initial,NULL,2026-01-07 11:06:59,962
2411,2354223,initial,NULL,2026-01-07 17:48:22,3312
2412,2353934,initial,NULL,2026-01-07 18:27:08,7344
2413,2353934,final,NULL,2026-01-07 18:27:37,7314
2418,2354542,initial,NULL,2026-01-08 18:48:42,6542
2420,2354856,initial,NULL,2026-01-08 20:42:03,510
2428,2353016,initial,NULL,2026-01-09 20:18:55,97185
2430,2352896,initial,NULL,2026-01-09 23:00:32,2380
2436,2354779,initial,NULL,2026-01-10 17:30:46,11990
2440,2352766,initial,NULL,2026-01-10 19:08:11,15658
2441,2352766,final,NULL,2026-01-10 19:08:58,15292
2442,2353767,final,NULL,2026-01-10 19:18:30,1958
2447,2354779,final,NULL,2026-01-10 22:14:44,11960
2450,2352631,initial,NULL,2026-01-12 13:53:03,7525
2451,2352631,final,NULL,2026-01-12 13:53:12,7495
2453,2352589,initial,NULL,2026-01-12 18:37:50,6148
2454,2354800,initial,NULL,2026-01-12 18:41:44,38
2457,2353285,final,NULL,2026-01-13 11:30:25,3016
2458,2353233,final,NULL,2026-01-13 11:31:37,4336
2469,2354456,initial,NULL,2026-01-13 18:06:20,4742
2476,2352630,initial,NULL,2026-01-14 15:37:40,11118
2477,2352630,final,NULL,2026-01-14 15:38:29,11538
2480,2353698,initial,NULL,2026-01-14 22:34:32,1088
2483,2352589,final,NULL,2026-01-15 14:01:52,6118
2487,2353436,initial,NULL,2026-01-16 14:33:02,4440
2495,2353683,initial,NULL,2026-01-17 10:29:15,188
2499,2353802,initial,NULL,2026-01-17 23:48:40,9030
2503,2354971,initial,NULL,2026-01-19 18:38:21,5870
2504,2354971,initial,NULL,2026-01-19 18:39:39,5870
2508,2354072,initial,NULL,2026-01-21 15:24:51,4292
2514,2353581,initial,NULL,2026-01-22 11:24:21,8318
2517,2354070,initial,NULL,2026-01-22 15:33:37,9190
2522,2354971,final,NULL,2026-01-22 17:06:06,5840
2526,2354579,initial,NULL,2026-01-22 18:40:14,3022
2529,2354936,initial,NULL,2026-01-22 22:12:44,956
2545,2355032,initial,NULL,2026-01-23 17:27:02,4365
2548,2354724,initial,NULL,2026-01-23 19:16:05,890
2553,2355122,initial,NULL,2026-01-23 23:25:22,560
2558,2355128,initial,NULL,2026-01-26 20:12:40,3222
2560,2355111,initial,NULL,2026-01-26 20:17:11,1592
2562,2351527,initial,NULL,2026-01-27 10:43:03,6694
2563,2353714,final,NULL,2026-01-27 10:53:17,11408
2565,2352969,initial,NULL,2026-01-27 12:26:23,8630
2569,2354837,initial,NULL,2026-01-27 16:30:36,2498
2572,2355058,initial,NULL,2026-01-27 17:15:51,1048
2576,2354723,initial,NULL,2026-01-27 18:06:06,2817
2577,2355143,initial,NULL,2026-01-27 18:07:00,478
2584,2350759,initial,NULL,2026-01-28 13:58:34,56305
2586,2355035,initial,NULL,2026-01-28 16:34:14,5030
2589,2354371,initial,NULL,2026-01-28 22:36:22,3232
2592,2354505,initial,NULL,2026-01-29 15:46:17,9442
2596,2354503,initial,NULL,2026-01-29 19:15:45,7230
2600,2354643,initial,NULL,2026-01-29 22:27:45,2464
2616,2351560,initial,NULL,2026-02-02 22:11:48,9378
2622,2352447,initial,NULL,2026-02-03 03:46:10,7962
2623,2352857,initial,NULL,2026-02-03 03:49:44,10674
2632,2351311,initial,NULL,2026-02-03 18:40:21,73092
2638,2354946,initial,NULL,2026-02-04 14:12:15,6060
2648,2355194,initial,NULL,2026-02-05 10:17:58,2126
2649,2353980,initial,NULL,2026-02-05 11:53:51,30768
2650,2353980,final,NULL,2026-02-05 11:54:05,30738
2652,2353102,initial,NULL,2026-02-05 14:20:03,4496
2657,2354695,initial,NULL,2026-02-05 19:51:57,13654
2658,2354180,initial,NULL,2026-02-06 13:25:27,8010
2661,2354517,initial,NULL,2026-02-06 17:00:00,4728
2668,2355316,initial,NULL,2026-02-07 19:23:29,2222
2670,2355105,initial,NULL,2026-02-09 12:23:21,55610
2673,2355084,initial,NULL,2026-02-09 17:20:15,5790
2677,2354661,initial,NULL,2026-02-10 12:49:21,90270
2678,2354661,initial,NULL,2026-02-10 12:49:31,90270
2682,2352250,initial,NULL,2026-02-10 21:15:54,9246
2686,2352083,initial,NULL,2026-02-10 21:23:46,3788
2687,2355212,initial,NULL,2026-02-11 14:47:20,14610
2696,2355244,initial,NULL,2026-02-12 17:22:56,1358
2701,2355079,initial,NULL,2026-02-13 16:50:33,4560
2706,2355372,initial,NULL,2026-02-13 20:45:48,246
2707,2353348,initial,NULL,2026-02-13 21:05:35,6026
2712,2354901,initial,NULL,2026-02-17 15:31:08,4340
2713,2355214,initial,NULL,2026-02-17 16:02:10,5750
2720,2353791,initial,NULL,2026-02-18 19:10:04,10080
2723,2355373,initial,NULL,2026-02-18 21:46:15,2530
2724,2355429,initial,NULL,2026-02-18 22:16:04,84
2725,2353551,initial,NULL,2026-02-18 23:05:45,4718
2727,2355245,initial,NULL,2026-02-19 11:41:17,4068
2728,2355245,final,NULL,2026-02-19 11:41:33,4038
2732,2355031,initial,NULL,2026-02-19 14:47:47,3258
2736,2354763,initial,NULL,2026-02-19 15:50:04,3610
2745,2354269,initial,NULL,2026-02-20 12:49:26,3618
2747,2353475,initial,NULL,2026-02-20 18:58:25,1800
2754,2355425,initial,NULL,2026-02-23 15:29:50,6874
2759,2353791,final,NULL,2026-02-23 22:16:44,10000
2767,2354935,initial,NULL,2026-02-24 15:56:43,15274
2771,2354996,initial,NULL,2026-02-24 23:56:50,11494
2772,2354920,initial,NULL,2026-02-25 00:14:43,4130
2775,2355060,initial,NULL,2026-02-25 16:25:42,2658
2776,2355060,final,NULL,2026-02-25 16:25:56,2628
2778,2352609,final,NULL,2026-02-25 21:47:44,6438
2798,2353701,initial,NULL,2026-02-27 15:35:45,13257
2803,2354815,initial,NULL,2026-02-28 17:40:45,3300
2806,2351917,initial,NULL,2026-03-02 10:10:16,2590
2810,2354657,initial,NULL,2026-03-02 11:49:18,24190
2811,2353446,initial,NULL,2026-03-02 12:41:39,7290
2815,2355577,initial,NULL,2026-03-02 15:22:23,2688
2823,2355033,initial,NULL,2026-03-02 17:27:48,3674
2837,2354995,initial,NULL,2026-03-04 12:35:29,10334
2856,2354342,initial,NULL,2026-03-05 15:20:02,6410
2860,2355460,initial,NULL,2026-03-05 15:58:43,3494
2866,2355469,initial,NULL,2026-03-06 10:21:49,11750
2868,2355665,initial,NULL,2026-03-06 15:48:30,395
2873,2355380,initial,NULL,2026-03-09 12:24:44,4418
2874,2353807,initial,NULL,2026-03-09 20:34:20,18280
2879,2355031,final,NULL,2026-03-10 11:33:45,3228
2880,2353704,initial,NULL,2026-03-10 11:34:03,4192
2890,2353702,initial,NULL,2026-03-10 17:06:01,7226
2895,2355371,initial,NULL,2026-03-11 09:38:16,3710
2901,2354608,initial,NULL,2026-03-11 16:23:33,3648
2904,2355727,initial,NULL,2026-03-11 20:55:01,282
2912,2354458,initial,NULL,2026-03-12 14:51:28,4252
2921,2355720,initial,NULL,2026-03-12 17:03:02,1361
2939,2355716,initial,NULL,2026-03-16 16:23:05,1144
2940,2354700,initial,NULL,2026-03-16 17:15:36,4538
2944,2354617,initial,NULL,2026-03-16 17:51:58,3760
2945,2355223,initial,NULL,2026-03-16 18:18:37,15106
2948,2353781,final,NULL,2026-03-17 17:46:00,4040
2949,2353726,initial,NULL,2026-03-17 18:23:10,3891
2952,2355035,final,NULL,2026-03-17 19:38:07,4160
2964,2355816,initial,NULL,2026-03-19 12:34:28,462
2966,2355775,initial,NULL,2026-03-20 09:43:10,4404
2971,2355247,initial,NULL,2026-03-20 15:15:38,8360
2976,2355485,initial,NULL,2026-03-21 16:41:08,1812
2978,2355668,initial,NULL,2026-03-23 13:44:32,2050
2979,2355218,initial,NULL,2026-03-23 13:47:37,4930
2980,2355158,initial,NULL,2026-03-23 13:47:46,7248
2982,2354813,initial,NULL,2026-03-23 17:28:47,5595
2987,2354913,initial,NULL,2026-03-24 14:58:21,5805
2994,2351479,initial,NULL,2026-03-25 09:30:34,29478
2998,2351480,initial,NULL,2026-03-25 12:50:11,53724
2999,2355779,initial,NULL,2026-03-25 14:01:28,1166
3004,2351310,initial,NULL,2026-03-26 12:35:25,59086
3017,2355766,initial,NULL,2026-03-28 16:36:14,1795
3021,2351788,initial,NULL,2026-03-30 11:22:40,53656
3022,2354768,initial,NULL,2026-03-30 11:29:36,36757
3023,2354769,initial,NULL,2026-03-30 11:31:01,44093
3030,2352857,final,NULL,2026-03-31 16:56:58,8604
3034,2353772,initial,NULL,2026-03-31 20:22:48,8580
3035,2353772,final,NULL,2026-03-31 20:23:02,8550
3038,2355786,initial,NULL,2026-04-01 09:53:55,18858
3039,2355225,initial,NULL,2026-04-01 10:00:24,9786
3043,2354067,initial,NULL,2026-04-01 12:37:13,18950
3044,2355981,initial,NULL,2026-04-01 14:40:48,438
3045,2355981,final,NULL,2026-04-01 14:40:56,408
3049,2355999,initial,NULL,2026-04-01 15:20:46,438
3052,2354373,initial,NULL,2026-04-01 22:40:54,5762
3053,2356002,initial,NULL,2026-04-01 23:58:53,1570
3059,2353951,initial,NULL,2026-04-02 11:10:04,53790
3063,2355573,initial,NULL,2026-04-03 17:34:46,3300
3064,2355776,initial,NULL,2026-04-06 19:17:42,1684
3065,2355647,initial,NULL,2026-04-07 09:31:39,4558
3066,2352255,initial,NULL,2026-04-07 12:32:00,55022
3067,2352264,initial,NULL,2026-04-07 12:54:59,4126
3068,2354997,initial,NULL,2026-04-07 13:00:10,46320
3074,2354568,initial,NULL,2026-04-07 16:33:44,24902
3076,2352137,initial,NULL,2026-04-08 09:52:51,70870
3078,2355585,initial,NULL,2026-04-08 14:58:57,3220
3084,2356110,initial,NULL,2026-04-08 17:55:15,1292
3090,2355388,initial,NULL,2026-04-09 10:43:18,29248
3095,2355916,initial,NULL,2026-04-09 11:00:51,592
3097,2355982,initial,NULL,2026-04-09 11:21:22,1598
3100,2351762,initial,NULL,2026-04-09 13:16:44,56622
3104,2355731,initial,NULL,2026-04-10 15:56:47,11510
3108,2355255,initial,NULL,2026-04-10 20:31:24,8154
3114,2355460,final,NULL,2026-04-13 18:14:35,5240
3121,2355024,initial,NULL,2026-04-15 12:21:27,57793
3122,2355024,initial,NULL,2026-04-15 12:21:30,57793
3123,2355024,initial,NULL,2026-04-15 12:22:28,57793
3136,2356193,initial,NULL,2026-04-17 16:54:46,2844
3142,2356241,initial,NULL,2026-04-17 20:39:06,84
3143,2356240,initial,NULL,2026-04-17 20:48:30,206
3146,2355879,initial,NULL,2026-04-19 13:45:42,5874
3148,2355277,initial,NULL,2026-04-19 17:10:29,3277
3151,2356260,initial,NULL,2026-04-20 15:13:28,3345
3152,2355825,initial,NULL,2026-04-20 15:49:36,1074
3154,2356059,initial,NULL,2026-04-20 17:12:57,2295
3156,2355295,initial,NULL,2026-04-21 14:49:19,20803
3166,2356182,initial,NULL,2026-04-22 10:22:55,3329
3168,2356061,initial,NULL,2026-04-22 13:11:57,7326
3169,2354295,initial,NULL,2026-04-22 16:19:05,18534
3170,2354295,final,NULL,2026-04-22 16:20:07,16722.75
3178,2354159,initial,NULL,2026-04-22 16:36:27,31773
3179,2355919,initial,NULL,2026-04-23 09:23:54,21805
3185,2355247,final,NULL,2026-04-23 16:45:53,7714
3219,2355712,initial,NULL,2026-04-28 15:39:54,2356
3220,2356240,final,NULL,2026-04-28 16:24:59,2171
3222,2356232,initial,NULL,2026-04-28 17:09:46,7285
3225,2355263,initial,NULL,2026-04-28 18:03:37,4168
3233,2354575,initial,NULL,2026-04-29 15:24:14,6750
3244,2356063,initial,NULL,2026-04-30 15:46:56,35946
3246,2354685,initial,NULL,2026-04-30 16:36:36,4428
3249,2355538,initial,NULL,2026-05-01 13:04:46,4770
3250,2356387,initial,NULL,2026-05-01 16:13:56,5105
3259,2355877,initial,NULL,2026-05-04 10:12:24,7194
3263,2355907,initial,NULL,2026-05-04 15:01:37,7967
3267,2356445,initial,NULL,2026-05-04 15:38:11,84
3268,2356448,initial,NULL,2026-05-04 15:40:58,111
3271,2355967,initial,NULL,2026-05-04 17:55:55,6934
3283,2354710,initial,NULL,2026-05-06 11:37:12,2540
3284,2355824,initial,NULL,2026-05-06 11:38:24,4530
3290,2356507,initial,NULL,2026-05-07 09:40:21,2830
3293,2356282,initial,NULL,2026-05-07 11:53:37,742
3295,2355728,initial,NULL,2026-05-07 11:54:42,6602
3296,2355459,initial,NULL,2026-05-07 11:59:30,13174
3314,2355551,initial,NULL,2026-05-11 11:00:33,9883
3333,2356364,initial,NULL,2026-05-13 13:05:31,13071
3338,2356453,initial,NULL,2026-05-13 13:46:21,2838
3340,2356073,initial,NULL,2026-05-13 17:37:45,25037
3342,2356555,initial,NULL,2026-05-14 12:17:57,534
3344,2354963,initial,NULL,2026-05-14 16:07:33,88668
3348,2355099,initial,NULL,2026-05-15 11:03:06,25634
3362,2353806,initial,NULL,2026-05-17 16:46:38,7507
3363,2354598,initial,NULL,2026-05-17 16:56:12,2730
3378,2355713,initial,NULL,2026-05-18 11:26:58,1448
3382,2356633,initial,NULL,2026-05-18 13:13:38,1040
3389,2356083,initial,NULL,2026-05-18 16:14:33,5829
3391,2355842,initial,NULL,2026-05-18 17:08:12,3416
3392,2355845,initial,NULL,2026-05-18 17:09:50,921
3404,2356572,initial,NULL,2026-05-19 15:08:55,2348
3410,2356147,initial,NULL,2026-05-20 11:09:41,24444
3411,2356579,initial,NULL,2026-05-20 11:25:45,3839
3413,2356218,initial,NULL,2026-05-20 13:27:22,13610
3415,2355190,initial,NULL,2026-05-20 15:22:55,10389
3416,2356643,initial,NULL,2026-05-20 15:39:49,982
3426,2356218,final,NULL,2026-05-21 10:55:57,13380
3430,2353464,initial,NULL,2026-05-21 16:21:55,43984
3439,2355585,final,NULL,2026-05-22 12:34:34,3190
3440,2355573,final,NULL,2026-05-22 12:35:39,3270
3446,2355928,initial,NULL,2026-05-22 15:20:34,12286
3449,2356642,initial,NULL,2026-05-22 21:59:59,3220
3450,2356642,final,NULL,2026-05-22 22:07:13,3316
3455,2356628,initial,NULL,2026-05-23 10:28:38,3250
3465,2354180,final,NULL,2026-05-25 16:37:56,7598
3466,2352447,final,NULL,2026-05-25 16:46:29,7468
3476,2355547,initial,NULL,2026-05-26 12:00:57,71294
3481,2356451,initial,NULL,2026-05-26 12:17:08,36390
3484,2356258,initial,NULL,2026-05-26 14:50:10,3133
3485,2356689,initial,NULL,2026-05-26 14:52:18,950
3492,2356238,initial,NULL,2026-05-27 09:52:54,5030
3493,2356238,final,NULL,2026-05-27 09:54:05,5000
3498,2355844,initial,NULL,2026-05-28 10:30:58,11346
3511,2356409,initial,NULL,2026-05-29 19:18:26,2602
3516,2356058,initial,NULL,2026-06-01 10:41:37,4962
3519,2356071,initial,NULL,2026-06-01 14:59:16,3536
3525,2354763,final,NULL,2026-06-01 16:44:05,3322
3526,2356566,initial,NULL,2026-06-01 16:56:54,4078
3527,2356566,final,NULL,2026-06-01 16:57:05,4048
3534,2356452,initial,NULL,2026-06-02 15:15:03,3124
3535,2356452,final,NULL,2026-06-02 15:15:16,3094
3540,2356629,initial,NULL,2026-06-02 19:05:36,5253
3541,2356798,initial,NULL,2026-06-02 21:40:38,177
3545,2356346,initial,NULL,2026-06-03 12:38:45,2514
3546,2355264,initial,NULL,2026-06-03 12:48:14,4956
3547,2356677,initial,NULL,2026-06-03 13:41:45,1630
3551,2355390,initial,NULL,2026-06-03 15:53:51,76201
3562,2356748,initial,NULL,2026-06-05 10:09:46,2240
3566,2356749,initial,NULL,2026-06-05 15:45:15,634
3575,2356786,initial,NULL,2026-06-06 14:30:46,5954
3577,2356692,initial,NULL,2026-06-06 15:13:52,1650
3579,2356847,initial,NULL,2026-06-06 15:16:43,336
3586,2356610,initial,NULL,2026-06-09 11:54:21,1920
3605,2356313,initial,NULL,2026-06-10 10:50:20,1934
3611,2356779,initial,NULL,2026-06-10 12:26:30,10584
3612,2356790,initial,NULL,2026-06-10 12:43:10,5789
3613,2356281,initial,NULL,2026-06-10 13:18:57,106
3614,2355633,initial,NULL,2026-06-10 13:22:35,22960
3624,2356905,initial,NULL,2026-06-11 12:06:28,280
3626,2356071,final,NULL,2026-06-11 13:03:37,3506
3635,2355493,initial,NULL,2026-06-12 12:01:55,8925
3636,2355598,initial,NULL,2026-06-12 13:13:51,7581
3642,2356807,initial,NULL,2026-06-14 00:35:22,3566
3658,2356945,initial,NULL,2026-06-15 17:14:58,294
3663,2356948,initial,NULL,2026-06-15 20:00:43,162
3665,2355632,initial,NULL,2026-06-16 16:59:02,25650
3670,2356537,initial,NULL,2026-06-17 10:19:42,11286
3676,2355324,initial,NULL,2026-06-17 15:10:24,8925
3683,2354875,initial,NULL,2026-06-17 18:16:33,12014
3685,2355998,initial,NULL,2026-06-18 11:01:20,38163
3687,2355734,initial,NULL,2026-06-18 13:49:38,2458
3688,2356176,initial,NULL,2026-06-18 14:28:49,2754
3690,2356843,initial,NULL,2026-06-18 15:11:56,5250
3691,2356569,initial,NULL,2026-06-18 15:52:36,1008
3694,2356794,initial,NULL,2026-06-18 16:06:41,3128
3698,2356989,initial,NULL,2026-06-19 10:14:14,1729
3700,2356988,initial,NULL,2026-06-19 10:21:26,1057
3702,2356987,initial,NULL,2026-06-19 10:23:12,547
3706,2356970,initial,NULL,2026-06-19 15:58:03,786
3708,2356737,initial,NULL,2026-06-19 20:17:13,4059
3709,2355632,final,NULL,2026-06-19 22:15:59,25457
3711,2356779,final,NULL,2026-06-20 12:39:49,10326
3712,2356548,initial,NULL,2026-06-20 12:55:56,11823
3714,2356735,initial,NULL,2026-06-20 23:58:24,9718
3716,2356188,initial,NULL,2026-06-21 14:17:01,4211
3717,2355950,initial,NULL,2026-06-21 17:19:22,14132
3728,2356996,initial,NULL,2026-06-22 18:39:46,690
3729,2357083,initial,NULL,2026-06-22 22:13:26,155
3731,2356896,initial,NULL,2026-06-23 11:02:42,6044
3736,2356369,initial,NULL,2026-06-23 17:42:50,6990
3742,2356206,initial,NULL,2026-06-25 09:38:56,76949
3744,2356644,initial,NULL,2026-06-25 10:37:45,1816
3745,2355098,initial,NULL,2026-06-25 10:45:38,12500
3751,2356265,initial,NULL,2026-06-25 17:52:54,8604
3756,2356438,initial,NULL,2026-06-26 10:09:33,6542
3760,2356746,initial,NULL,2026-06-26 12:40:42,13169
3761,2356957,initial,NULL,2026-06-27 15:49:57,149
3771,2357122,initial,NULL,2026-06-30 12:00:24,902
3780,2357122,final,NULL,2026-07-01 20:55:04,872
3785,2356611,initial,NULL,2026-07-02 15:04:08,8722
3786,2356611,initial,NULL,2026-07-02 15:04:50,8722
3788,2357178,initial,NULL,2026-07-02 21:14:22,1630
3798,2357026,initial,NULL,2026-07-03 17:28:22,2460
3814,2357263,initial,NULL,2026-07-07 11:07:36,148
3821,2355451,initial,NULL,2026-07-07 17:42:44,2932
3835,2357017,initial,NULL,2026-07-08 17:18:58,5206
3839,2354863,initial,NULL,2026-07-08 18:21:16,3066
3842,2356998,initial,NULL,2026-07-09 10:58:37,8074
3843,2355719,initial,NULL,2026-07-09 11:38:40,10578
3845,2357105,initial,NULL,2026-07-09 17:00:38,1315
3852,2357088,initial,NULL,2026-07-10 12:47:58,4116
3855,2356654,initial,NULL,2026-07-10 15:57:57,2717
3860,2357018,initial,NULL,2026-07-10 18:20:33,4240
3870,2357003,initial,NULL,2026-07-13 18:21:40,2574
3872,2357269,initial,NULL,2026-07-14 10:13:36,395
3878,2357324,initial,NULL,2026-07-15 09:43:48,1090
3908,2356782,initial,NULL,2026-07-17 17:04:53,8025
3909,2357384,initial,NULL,2026-07-17 17:05:57,1575
3915,2357011,initial,NULL,2026-07-17 18:02:32,1365
3917,2357404,initial,NULL,2026-07-17 18:55:33,1946
3921,2356896,final,NULL,2026-07-18 15:07:54,6014
3930,2357360,initial,NULL,2026-07-20 15:28:49,1886
3936,2357360,final,NULL,2026-07-20 16:57:04,1856
3939,2357185,initial,NULL,2026-07-20 18:30:42,1878
3940,2357185,final,NULL,2026-07-20 18:30:55,1848
3943,2357204,initial,NULL,2026-07-21 11:07:10,11302
3946,2357220,initial,NULL,2026-07-21 12:01:43,5658
3956,2357362,initial,NULL,2026-07-21 17:29:52,752
3962,2356511,initial,NULL,2026-07-22 11:01:58,2410
3963,2356906,initial,NULL,2026-07-22 15:47:26,4584
3967,2357283,initial,NULL,2026-07-23 10:08:27,634
3968,2357283,final,NULL,2026-07-23 10:08:41,604
3969,2356906,final,NULL,2026-07-23 11:02:35,4093.5
3974,2357073,initial,NULL,2026-07-23 16:56:15,19910
3982,2357003,final,NULL,2026-07-24 15:36:36,2544
3983,2356959,initial,NULL,2026-07-24 16:11:06,1638
3991,2356460,initial,NULL,2026-07-27 10:44:22,7749
3993,2356460,final,NULL,2026-07-27 10:45:24,8189
3995,2356940,initial,NULL,2026-07-27 11:32:16,5134
3999,2356810,initial,NULL,2026-07-27 13:08:20,2188
4005,2356389,initial,NULL,2026-07-28 15:22:52,87468
4006,2357295,initial,NULL,2026-07-28 15:54:18,2594
4007,2357268,initial,NULL,2026-07-28 16:17:26,21574
4012,2356139,initial,NULL,2026-07-29 15:41:22,1784
4013,2357580,initial,NULL,2026-07-29 16:38:22,127
4021,2357555,initial,NULL,2026-07-30 17:03:26,930
4024,2357437,initial,NULL,2026-07-31 13:00:36,3668
4028,2357629,initial,NULL,2026-07-31 21:59:52,616
4029,2357533,initial,NULL,2026-08-03 09:55:39,15330
4031,2357406,initial,NULL,2026-08-03 10:30:23,973
4032,2357598,initial,NULL,2026-08-03 10:33:28,530
4034,2356904,initial,NULL,2026-08-03 13:08:21,41247
4036,2356710,initial,NULL,2026-08-03 13:20:34,83232
4043,2357284,initial,NULL,2026-08-03 16:36:28,16900
4046,2357555,final,NULL,2026-08-03 16:46:36,990
4047,2356922,initial,NULL,2026-08-03 18:08:50,5038
4048,2356998,final,NULL,2026-08-03 23:02:04,8044
4049,2357402,initial,NULL,2026-08-04 11:16:56,3324
4054,2357328,initial,NULL,2026-08-04 18:08:09,3854
4057,2357028,initial,NULL,2026-08-05 16:25:28,2188
4063,2354869,initial,NULL,2026-08-06 10:06:33,38095
4065,2357591,initial,NULL,2026-08-06 14:38:33,3276
4066,2357437,final,NULL,2026-08-06 21:55:49,3638
4072,2355783,initial,NULL,2026-08-07 14:55:29,39630
4077,2356872,initial,NULL,2026-08-10 14:38:06,1828
4080,2357610,initial,NULL,2026-08-11 18:08:26,7432
4082,2354524,initial,NULL,2026-08-12 10:53:22,7124
4085,2357554,initial,NULL,2026-08-12 11:35:27,8690
4098,2353886,initial,NULL,2026-08-13 10:26:15,73903
4099,2353886,final,NULL,2026-08-13 10:26:55,73873
4100,2357824,initial,NULL,2026-08-13 10:45:50,2078
4103,2355455,initial,NULL,2026-08-13 14:12:54,8872
4105,2356872,final,NULL,2026-08-13 16:43:30,1798
4108,2357011,final,NULL,2026-08-13 17:35:27,1335
4109,2357558,initial,NULL,2026-08-13 17:42:24,12867
4112,2357037,initial,NULL,2026-08-13 18:24:33,22430
4119,2357554,final,NULL,2026-08-17 12:35:03,8660
4120,2357851,initial,NULL,2026-08-17 13:27:18,658
4122,2357475,initial,NULL,2026-08-18 11:15:46,12524
4124,2357641,initial,NULL,2026-08-18 13:48:55,3617
4126,2356509,initial,NULL,2026-08-18 18:29:27,2388
4127,2357592,initial,NULL,2026-08-19 09:37:57,6817
4129,2357969,initial,NULL,2026-08-19 12:07:17,258
4130,2357012,initial,NULL,2026-08-19 12:14:05,1302
4136,2357403,initial,NULL,2026-08-19 18:57:53,2670
4137,2357403,final,NULL,2026-08-19 23:27:02,2640
4138,2357856,initial,NULL,2026-08-20 11:30:38,2721
4139,2352290,initial,NULL,2026-08-20 13:20:31,79383
