auto_id,cleared_date
1,NULL
2,NULL
3,NULL
4,NULL
5,NULL
6,NULL
7,NULL
8,NULL
9,NULL
10,NULL
11,NULL
12,NULL
13,NULL
14,NULL
18,NULL
19,NULL
20,NULL
24,NULL
25,NULL
26,NULL
27,NULL
28,NULL
30,NULL
33,NULL
34,NULL
35,NULL
37,NULL
38,NULL
42,NULL
43,NULL
45,NULL
46,NULL
47,NULL
48,NULL
50,NULL
53,NULL
54,NULL
56,NULL
57,NULL
58,NULL
59,NULL
66,NULL
68,NULL
69,NULL
71,NULL
72,NULL
73,NULL
74,NULL
75,NULL
76,NULL
78,NULL
79,NULL
80,NULL
81,NULL
82,NULL
84,NULL
91,NULL
92,NULL
93,NULL
95,NULL
97,NULL
98,NULL
99,NULL
102,NULL
108,NULL
109,NULL
110,NULL
120,NULL
121,NULL
123,NULL
124,NULL
125,NULL
126,NULL
127,NULL
129,NULL
130,NULL
137,NULL
138,NULL
139,NULL
140,NULL
141,NULL
143,NULL
144,NULL
145,NULL
146,NULL
147,NULL
150,NULL
151,NULL
152,NULL
153,NULL
155,NULL
156,NULL
157,NULL
158,NULL
159,NULL
161,NULL
164,NULL
165,NULL
166,NULL
167,NULL
168,NULL
169,NULL
170,NULL
172,NULL
173,NULL
174,NULL
175,NULL
176,NULL
177,NULL
178,NULL
179,NULL
181,NULL
182,NULL
184,NULL
185,NULL
186,NULL
187,NULL
188,NULL
189,NULL
190,NULL
191,NULL
192,NULL
193,NULL
194,NULL
196,NULL
199,NULL
200,NULL
201,NULL
202,NULL
204,NULL
206,NULL
208,NULL
209,NULL
212,NULL
214,NULL
215,NULL
218,NULL
219,NULL
220,NULL
221,NULL
224,NULL
225,NULL
226,NULL
227,NULL
228,NULL
230,NULL
231,NULL
233,NULL
235,NULL
236,NULL
240,NULL
243,NULL
244,NULL
246,NULL
248,NULL
249,NULL
250,NULL
251,NULL
252,NULL
254,NULL
255,NULL
257,NULL
258,NULL
259,NULL
260,NULL
261,NULL
267,NULL
271,NULL
272,NULL
274,NULL
275,NULL
277,NULL
278,NULL
284,NULL
285,NULL
286,NULL
288,NULL
290,NULL
291,NULL
292,NULL
293,NULL
294,NULL
297,NULL
299,NULL
302,NULL
303,NULL
305,NULL
308,NULL
309,NULL
311,NULL
314,NULL
315,NULL
316,NULL
318,NULL
319,NULL
320,NULL
321,NULL
322,NULL
323,NULL
324,NULL
325,NULL
328,NULL
329,NULL
330,NULL
332,NULL
335,NULL
336,NULL
337,NULL
338,NULL
339,NULL
341,NULL
342,NULL
346,NULL
347,NULL
349,NULL
350,NULL
351,NULL
352,NULL
353,NULL
354,NULL
359,NULL
360,NULL
361,NULL
362,NULL
363,NULL
364,NULL
368,NULL
369,NULL
370,NULL
371,NULL
372,NULL
376,NULL
377,NULL
378,NULL
379,NULL
380,NULL
381,NULL
382,NULL
383,NULL
384,NULL
386,NULL
387,NULL
389,NULL
390,NULL
391,NULL
392,NULL
393,NULL
394,NULL
396,NULL
397,NULL
398,NULL
399,NULL
400,NULL
401,NULL
402,NULL
403,NULL
404,NULL
405,NULL
406,NULL
407,NULL
408,NULL
409,NULL
411,NULL
413,NULL
416,NULL
417,NULL
421,NULL
422,NULL
423,NULL
426,NULL
428,NULL
429,NULL
430,NULL
432,NULL
434,NULL
435,NULL
437,NULL
438,NULL
439,NULL
440,NULL
442,NULL
443,NULL
444,NULL
445,NULL
446,NULL
447,NULL
448,NULL
449,NULL
450,NULL
451,NULL
454,NULL
455,NULL
457,NULL
458,NULL
459,NULL
460,NULL
461,NULL
462,NULL
463,NULL
467,NULL
468,NULL
469,NULL
471,NULL
472,NULL
475,NULL
476,NULL
477,NULL
478,NULL
479,NULL
480,NULL
483,NULL
484,NULL
485,NULL
487,NULL
488,NULL
489,NULL
490,NULL
491,NULL
492,NULL
494,NULL
495,NULL
496,NULL
497,NULL
498,NULL
499,NULL
501,NULL
502,NULL
503,NULL
504,NULL
505,NULL
507,NULL
508,NULL
510,NULL
512,NULL
515,NULL
516,NULL
518,NULL
519,NULL
520,NULL
521,NULL
522,NULL
525,NULL
527,NULL
528,NULL
530,NULL
532,NULL
535,NULL
536,NULL
537,NULL
538,NULL
539,NULL
542,NULL
543,NULL
545,NULL
546,NULL
549,NULL
550,NULL
551,NULL
552,NULL
553,NULL
558,NULL
559,NULL
560,NULL
561,NULL
562,NULL
563,NULL
565,NULL
570,NULL
571,NULL
572,NULL
573,NULL
575,NULL
576,NULL
579,NULL
580,NULL
581,NULL
582,NULL
586,NULL
587,NULL
588,NULL
589,NULL
590,NULL
591,NULL
592,NULL
594,NULL
595,NULL
596,NULL
597,NULL
601,NULL
604,NULL
607,NULL
608,NULL
609,NULL
611,NULL
612,NULL
613,NULL
614,NULL
615,NULL
618,NULL
619,NULL
620,NULL
621,NULL
625,NULL
626,NULL
627,NULL
628,NULL
629,NULL
630,NULL
631,NULL
632,NULL
634,NULL
635,NULL
636,NULL
637,NULL
638,NULL
643,NULL
644,NULL
648,NULL
649,NULL
650,NULL
651,NULL
652,NULL
653,NULL
654,NULL
655,NULL
659,NULL
661,NULL
662,NULL
665,NULL
666,NULL
667,NULL
669,NULL
670,NULL
671,NULL
673,NULL
674,NULL
675,NULL
677,NULL
678,NULL
679,NULL
680,NULL
682,NULL
684,NULL
685,NULL
686,NULL
687,NULL
688,NULL
689,NULL
690,NULL
691,NULL
692,NULL
693,NULL
694,NULL
695,NULL
696,NULL
697,NULL
698,NULL
699,NULL
700,NULL
705,NULL
706,NULL
707,NULL
709,NULL
711,NULL
712,NULL
713,NULL
715,NULL
716,NULL
718,NULL
719,NULL
720,NULL
723,NULL
724,NULL
726,NULL
727,NULL
728,NULL
730,NULL
731,NULL
733,NULL
734,NULL
735,NULL
737,NULL
738,NULL
741,NULL
742,NULL
743,NULL
745,NULL
746,NULL
747,NULL
748,NULL
749,NULL
750,NULL
751,NULL
752,NULL
753,NULL
754,NULL
755,NULL
756,NULL
758,NULL
759,NULL
762,NULL
763,NULL
764,NULL
765,NULL
766,NULL
767,NULL
768,NULL
769,NULL
770,NULL
771,NULL
772,NULL
774,NULL
775,NULL
777,NULL
778,NULL
779,NULL
780,NULL
782,NULL
783,NULL
784,NULL
787,NULL
788,NULL
790,NULL
792,NULL
793,NULL
794,NULL
795,NULL
796,NULL
797,NULL
798,NULL
799,NULL
802,NULL
803,NULL
804,NULL
805,NULL
806,NULL
807,NULL
809,NULL
810,NULL
811,NULL
812,NULL
813,NULL
815,NULL
820,NULL
821,NULL
824,NULL
825,NULL
826,NULL
828,NULL
830,NULL
832,NULL
833,NULL
834,NULL
836,NULL
837,NULL
840,NULL
841,NULL
842,NULL
843,NULL
844,NULL
845,NULL
847,NULL
848,NULL
849,NULL
850,NULL
852,NULL
853,NULL
856,NULL
857,NULL
858,NULL
859,NULL
860,NULL
861,NULL
866,NULL
867,NULL
868,NULL
869,NULL
870,NULL
871,NULL
874,NULL
875,NULL
877,NULL
879,NULL
884,NULL
885,NULL
886,NULL
887,NULL
888,NULL
890,NULL
891,NULL
892,NULL
893,NULL
895,NULL
896,NULL
897,NULL
898,NULL
899,NULL
902,NULL
903,NULL
905,NULL
906,NULL
909,NULL
910,NULL
913,NULL
914,NULL
919,NULL
921,NULL
922,NULL
923,NULL
924,NULL
927,NULL
928,NULL
932,NULL
934,NULL
936,NULL
937,NULL
939,NULL
940,NULL
941,NULL
946,NULL
947,NULL
949,NULL
950,NULL
951,NULL
952,NULL
953,NULL
956,NULL
959,NULL
960,NULL
961,NULL
964,NULL
969,NULL
970,NULL
971,NULL
972,NULL
973,NULL
976,NULL
977,NULL
983,NULL
984,NULL
985,NULL
987,NULL
988,NULL
989,NULL
990,NULL
993,NULL
995,NULL
997,NULL
998,NULL
1000,NULL
1001,NULL
1002,NULL
1008,NULL
1013,NULL
1014,NULL
1015,NULL
1016,NULL
1017,NULL
1018,NULL
1019,NULL
1020,NULL
1022,NULL
1023,NULL
1025,NULL
1026,NULL
1027,NULL
1028,NULL
1031,NULL
1033,NULL
1034,NULL
1035,NULL
1036,NULL
1037,NULL
1038,NULL
1041,NULL
1044,NULL
1046,NULL
1047,NULL
1054,NULL
1055,NULL
1056,NULL
1057,NULL
1059,NULL
1064,NULL
1066,NULL
1068,NULL
1069,NULL
1070,NULL
1071,NULL
1072,NULL
1075,NULL
1076,NULL
1077,NULL
1078,NULL
1080,NULL
1081,NULL
1082,NULL
1084,NULL
1085,NULL
1086,NULL
1087,NULL
1089,NULL
1090,NULL
1091,NULL
1092,NULL
1094,NULL
1095,NULL
1096,NULL
1097,NULL
1098,NULL
1099,NULL
1100,NULL
1101,NULL
1102,NULL
1103,NULL
1104,NULL
1105,NULL
1108,NULL
1109,NULL
1110,NULL
1114,NULL
1115,NULL
1116,NULL
1118,NULL
1119,NULL
1125,NULL
1127,NULL
1128,NULL
1131,NULL
1133,NULL
1135,NULL
1136,NULL
1137,NULL
1138,NULL
1140,NULL
1142,NULL
1143,NULL
1144,NULL
1145,NULL
1149,NULL
1150,NULL
1151,NULL
1152,NULL
1154,NULL
1155,NULL
1156,NULL
1157,NULL
1158,NULL
1159,NULL
1160,NULL
1164,NULL
1165,NULL
1166,NULL
1167,NULL
1168,NULL
1169,NULL
1170,NULL
1171,NULL
1173,NULL
1174,NULL
1175,NULL
1176,NULL
1177,NULL
1178,NULL
1179,NULL
1180,NULL
1181,NULL
1182,NULL
1183,NULL
1184,NULL
1187,NULL
1188,NULL
1189,NULL
1190,NULL
1191,NULL
1194,NULL
1195,NULL
1198,NULL
1201,NULL
1203,NULL
1204,NULL
1205,NULL
1206,NULL
1208,NULL
1210,NULL
1214,NULL
1216,NULL
1217,NULL
1218,NULL
1226,NULL
1228,NULL
1229,NULL
1230,NULL
1233,NULL
1236,NULL
1237,NULL
1238,NULL
1241,NULL
1246,NULL
1253,NULL
1256,NULL
1257,NULL
1258,NULL
1269,NULL
1273,NULL
1276,NULL
1277,NULL
1278,NULL
1282,NULL
1290,NULL
1291,NULL
1293,NULL
1296,NULL
1297,NULL
1298,NULL
1299,NULL
1300,NULL
1301,NULL
1305,NULL
1306,NULL
1307,NULL
1308,NULL
1309,NULL
1314,NULL
1317,NULL
1318,NULL
1330,NULL
1331,NULL
1332,NULL
1336,NULL
1339,NULL
1341,NULL
1342,NULL
1344,NULL
1345,NULL
1348,NULL
1351,NULL
1354,NULL
1355,NULL
1358,NULL
1360,NULL
1364,NULL
1365,NULL
1369,NULL
1370,NULL
1373,NULL
1374,NULL
1375,NULL
1376,NULL
1379,NULL
1381,NULL
1385,NULL
1386,NULL
1387,NULL
1393,NULL
1394,NULL
1395,NULL
1396,NULL
1397,NULL
1398,NULL
1399,NULL
1400,NULL
1403,NULL
1404,NULL
1405,NULL
1408,NULL
1409,NULL
1410,NULL
1413,NULL
1415,NULL
1416,NULL
1417,NULL
1418,NULL
1419,NULL
1422,NULL
1424,NULL
1425,NULL
1426,NULL
1428,NULL
1429,NULL
1430,NULL
1431,NULL
1433,NULL
1436,NULL
1439,NULL
1440,NULL
1441,NULL
1442,NULL
1443,NULL
1446,NULL
1447,NULL
1449,NULL
1452,NULL
1453,NULL
1454,NULL
1455,NULL
1457,NULL
1458,NULL
1460,NULL
1461,NULL
1462,NULL
1468,NULL
1469,NULL
1473,NULL
1474,NULL
1475,NULL
1479,NULL
1481,NULL
1482,NULL
1483,NULL
1484,NULL
1485,NULL
1486,NULL
1487,NULL
1488,NULL
1489,NULL
1490,NULL
1491,NULL
1492,NULL
1493,NULL
1494,NULL
1495,NULL
1496,NULL
1497,NULL
1498,NULL
1499,NULL
1501,NULL
1503,NULL
1504,NULL
1505,NULL
1508,NULL
1510,NULL
1511,NULL
1512,NULL
1514,NULL
1516,NULL
1521,NULL
1523,NULL
1525,NULL
1526,NULL
1527,NULL
1528,NULL
1529,NULL
1530,NULL
1532,NULL
1534,NULL
1535,NULL
1536,NULL
1538,NULL
1539,NULL
1540,NULL
1543,NULL
1544,NULL
1546,NULL
1547,NULL
1548,NULL
1550,NULL
1551,NULL
1553,NULL
1555,NULL
1557,NULL
1558,NULL
1560,NULL
1562,NULL
1564,NULL
1565,NULL
1569,NULL
1571,NULL
1572,NULL
1573,NULL
1576,NULL
1577,NULL
1578,NULL
1579,NULL
1580,NULL
1581,NULL
1582,NULL
1583,NULL
1586,NULL
1587,NULL
1590,NULL
1595,NULL
1596,NULL
1597,NULL
1599,NULL
1600,NULL
1601,NULL
1602,NULL
1604,NULL
1605,NULL
1608,NULL
1609,NULL
1610,NULL
1611,NULL
1614,NULL
1615,NULL
1616,NULL
1619,NULL
1620,NULL
1622,NULL
1624,NULL
1625,NULL
1627,NULL
1630,NULL
1631,NULL
1632,NULL
1633,NULL
1634,NULL
1636,NULL
1637,NULL
1638,NULL
1639,NULL
1640,NULL
1642,NULL
1643,NULL
1644,NULL
1646,NULL
1647,NULL
1648,NULL
1674,NULL
1675,NULL
1678,NULL
1679,NULL
1680,NULL
1682,NULL
1684,NULL
1685,NULL
1686,NULL
1688,NULL
1689,NULL
1691,NULL
1692,NULL
1693,NULL
1695,NULL
1696,NULL
1699,NULL
1700,NULL
1701,NULL
1702,NULL
1703,NULL
1704,NULL
1705,NULL
1709,NULL
1712,NULL
1713,NULL
1714,NULL
1717,NULL
1727,NULL
1728,NULL
1732,NULL
1733,NULL
1734,NULL
1735,NULL
1736,NULL
1737,NULL
1739,NULL
1741,NULL
1742,NULL
1743,NULL
1744,NULL
1745,NULL
1747,NULL
1748,NULL
1749,NULL
1750,NULL
1752,NULL
1753,NULL
1754,NULL
1756,NULL
1757,NULL
1758,NULL
1759,NULL
1760,NULL
1761,NULL
1762,NULL
1763,NULL
1764,NULL
1765,NULL
1767,NULL
1768,NULL
1769,NULL
1770,NULL
1771,NULL
1774,NULL
1775,NULL
1777,NULL
1782,NULL
1783,NULL
1793,NULL
1794,NULL
1797,NULL
1798,NULL
1801,NULL
1802,NULL
1803,NULL
1804,NULL
1806,NULL
1807,NULL
1808,NULL
1810,NULL
1811,NULL
1812,NULL
1815,NULL
1816,NULL
1817,NULL
1818,NULL
1819,NULL
1821,NULL
1826,NULL
1827,NULL
1829,NULL
1832,NULL
1833,NULL
1840,NULL
1843,NULL
1844,NULL
1845,NULL
1846,NULL
1848,NULL
1849,NULL
1850,NULL
1853,NULL
1855,NULL
1856,NULL
1857,NULL
1858,NULL
1859,NULL
1860,NULL
1862,NULL
1863,NULL
1864,NULL
1868,NULL
1869,NULL
1874,NULL
1876,NULL
1879,NULL
1881,NULL
1885,NULL
1886,NULL
1893,NULL
1894,NULL
1896,NULL
1898,NULL
1899,NULL
1900,NULL
1902,NULL
1904,NULL
1905,NULL
1906,NULL
1909,NULL
1910,NULL
1911,NULL
1916,NULL
1917,NULL
1918,NULL
1923,NULL
1925,NULL
1926,NULL
1927,NULL
1929,NULL
1930,NULL
1931,NULL
1932,NULL
1935,NULL
1942,NULL
1943,NULL
1944,NULL
1945,NULL
1946,NULL
1947,NULL
1950,NULL
1951,NULL
1952,NULL
1953,NULL
1954,NULL
1955,NULL
1958,NULL
1960,NULL
1963,NULL
1966,NULL
1967,NULL
1968,NULL
1969,NULL
1970,NULL
1971,NULL
1973,NULL
1976,NULL
1979,NULL
1980,NULL
1983,NULL
1987,NULL
1989,NULL
1990,NULL
1991,NULL
1995,NULL
1996,NULL
1997,NULL
2002,NULL
2003,NULL
2004,NULL
2006,NULL
2012,NULL
2018,NULL
2019,NULL
2020,NULL
2021,NULL
2022,NULL
2025,NULL
2026,NULL
2027,NULL
2029,NULL
2032,NULL
2035,NULL
2036,NULL
2039,NULL
2043,NULL
2044,NULL
2045,NULL
2048,NULL
2049,NULL
2050,NULL
2051,NULL
2055,NULL
2056,NULL
2057,NULL
2059,NULL
2060,NULL
2061,NULL
2063,NULL
2064,NULL
2068,NULL
2072,NULL
2074,NULL
2076,NULL
2077,NULL
2078,NULL
2079,NULL
2080,NULL
2082,NULL
2083,NULL
2085,NULL
2086,NULL
2087,NULL
2090,NULL
2091,NULL
2092,NULL
2093,NULL
2097,NULL
2099,NULL
2100,NULL
2101,NULL
2103,NULL
2104,NULL
2105,NULL
2107,NULL
2109,NULL
2110,NULL
2113,NULL
2116,NULL
2117,NULL
2120,NULL
2122,NULL
2123,NULL
2125,NULL
2126,NULL
2128,NULL
2131,NULL
2132,NULL
2133,NULL
2136,NULL
2140,NULL
2141,NULL
2143,NULL
2145,NULL
2146,NULL
2147,NULL
2150,NULL
2151,NULL
2152,NULL
2153,NULL
2155,NULL
2156,NULL
2158,NULL
2160,NULL
2162,NULL
2163,NULL
2164,NULL
2165,NULL
2166,NULL
2167,NULL
2169,NULL
2171,NULL
2173,NULL
2174,NULL
2175,NULL
2177,NULL
2179,NULL
2180,NULL
2182,NULL
2183,NULL
2185,NULL
2187,NULL
2188,NULL
2189,NULL
2195,NULL
2196,NULL
2201,NULL
2205,NULL
2206,NULL
2207,NULL
2208,NULL
2209,NULL
2210,NULL
2211,NULL
2212,NULL
2213,NULL
2214,NULL
2215,NULL
2216,NULL
2217,NULL
2222,NULL
2225,NULL
2226,NULL
2231,NULL
2232,NULL
2234,NULL
2235,NULL
2236,NULL
2237,NULL
2238,NULL
2239,NULL
2240,NULL
2242,NULL
2245,NULL
2246,NULL
2247,NULL
2248,NULL
2251,NULL
2252,NULL
2253,NULL
2254,NULL
2255,NULL
2256,NULL
2257,NULL
2258,NULL
2262,NULL
2266,NULL
2268,NULL
2270,NULL
2271,NULL
2293,NULL
2294,NULL
2295,NULL
2296,NULL
2297,NULL
2298,NULL
2299,NULL
2300,NULL
2301,NULL
2302,NULL
2303,NULL
2304,NULL
2306,NULL
2309,NULL
2311,NULL
2312,NULL
2316,NULL
2317,NULL
2319,NULL
2321,NULL
2326,NULL
2327,NULL
2328,NULL
2330,NULL
2331,NULL
2333,NULL
2339,NULL
2340,NULL
2344,NULL
2345,NULL
2346,NULL
2347,NULL
2348,NULL
2349,NULL
2350,NULL
2351,NULL
2352,NULL
2354,NULL
2356,NULL
2359,NULL
2361,NULL
2362,NULL
2364,NULL
2365,NULL
2367,NULL
2368,NULL
2370,NULL
2371,NULL
2373,NULL
2375,NULL
2376,NULL
2377,NULL
2379,NULL
2380,NULL
2382,NULL
2383,NULL
2384,NULL
2385,NULL
2386,NULL
2387,NULL
2388,NULL
2392,NULL
2393,NULL
2394,NULL
2395,NULL
2396,NULL
2397,NULL
2398,NULL
2399,NULL
2400,NULL
2401,NULL
2403,NULL
2406,NULL
2407,NULL
2409,NULL
2411,NULL
2412,NULL
2413,NULL
2414,NULL
2418,NULL
2420,NULL
2421,NULL
2423,NULL
2425,NULL
2427,NULL
2428,NULL
2430,NULL
2431,NULL
2432,NULL
2433,NULL
2434,NULL
2435,NULL
2436,NULL
2440,NULL
2441,NULL
2442,NULL
2443,NULL
2444,NULL
2445,NULL
2446,NULL
2447,NULL
2448,NULL
2449,NULL
2450,NULL
2451,NULL
2452,NULL
2453,NULL
2454,NULL
2455,NULL
2456,NULL
2457,NULL
2458,NULL
2459,NULL
2469,NULL
2476,NULL
2477,NULL
2480,NULL
2483,NULL
2485,NULL
2486,NULL
2487,NULL
2488,NULL
2489,NULL
2490,NULL
2495,NULL
2496,NULL
2499,NULL
2500,NULL
2503,NULL
2504,NULL
2506,NULL
2508,NULL
2509,NULL
2514,NULL
2515,NULL
2516,NULL
2517,NULL
2518,NULL
2519,NULL
2520,NULL
2522,NULL
2524,NULL
2526,NULL
2527,NULL
2529,NULL
2530,NULL
2532,NULL
2533,NULL
2534,NULL
2535,NULL
2537,NULL
2542,NULL
2543,NULL
2544,NULL
2545,NULL
2546,NULL
2548,NULL
2549,NULL
2553,NULL
2554,NULL
2555,NULL
2557,NULL
2558,NULL
2559,NULL
2560,NULL
2561,NULL
2562,NULL
2563,NULL
2565,NULL
2568,NULL
2569,NULL
2572,NULL
2574,NULL
2575,NULL
2576,NULL
2577,NULL
2578,NULL
2584,NULL
2586,NULL
2587,NULL
2588,NULL
2589,NULL
2591,NULL
2592,NULL
2593,NULL
2594,NULL
2596,NULL
2598,NULL
2599,NULL
2600,NULL
2601,NULL
2603,NULL
2604,NULL
2606,NULL
2608,NULL
2609,NULL
2611,NULL
2616,NULL
2618,NULL
2619,NULL
2620,NULL
2621,NULL
2622,NULL
2623,NULL
2624,NULL
2626,NULL
2628,NULL
2630,NULL
2632,NULL
2633,NULL
2636,NULL
2637,NULL
2638,NULL
2639,NULL
2640,NULL
2641,NULL
2642,NULL
2644,NULL
2648,NULL
2649,NULL
2650,NULL
2652,NULL
2657,NULL
2658,NULL
2659,NULL
2661,NULL
2662,NULL
2663,NULL
2664,NULL
2668,NULL
2670,NULL
2671,NULL
2672,NULL
2673,NULL
2675,NULL
2676,NULL
2677,NULL
2678,NULL
2679,NULL
2680,NULL
2682,NULL
2685,NULL
2686,NULL
2687,NULL
2688,NULL
2689,NULL
2693,NULL
2694,NULL
2695,NULL
2696,NULL
2701,NULL
2706,NULL
2707,NULL
2711,NULL
2712,NULL
2713,NULL
2714,NULL
2715,NULL
2716,NULL
2718,NULL
2719,NULL
2720,NULL
2722,NULL
2723,NULL
2724,NULL
2725,NULL
2727,NULL
2728,NULL
2729,NULL
2730,NULL
2731,NULL
2732,NULL
2733,NULL
2734,NULL
2735,NULL
2736,NULL
2737,NULL
2740,NULL
2741,NULL
2745,NULL
2747,NULL
2748,NULL
2752,NULL
2753,NULL
2754,NULL
2755,NULL
2756,NULL
2757,NULL
2758,NULL
2759,NULL
2760,NULL
2761,NULL
2763,NULL
2764,NULL
2765,NULL
2767,NULL
2768,NULL
2771,NULL
2772,NULL
2775,NULL
2776,NULL
2778,NULL
2779,NULL
2780,NULL
2782,NULL
2783,NULL
2784,NULL
2787,NULL
2788,NULL
2789,NULL
2790,NULL
2798,NULL
2799,NULL
2801,NULL
2802,NULL
2803,NULL
2806,NULL
2808,NULL
2809,NULL
2810,NULL
2811,NULL
2812,NULL
2815,NULL
2816,NULL
2817,NULL
2818,NULL
2823,NULL
2825,NULL
2826,NULL
2830,NULL
2831,NULL
2832,NULL
2833,NULL
2834,NULL
2835,NULL
2836,NULL
2837,NULL
2838,NULL
2839,NULL
2840,NULL
2841,NULL
2842,NULL
2843,NULL
2844,NULL
2845,NULL
2846,NULL
2847,NULL
2849,NULL
2853,NULL
2854,NULL
2856,NULL
2857,NULL
2858,NULL
2859,NULL
2860,NULL
2863,NULL
2866,NULL
2868,NULL
2870,NULL
2873,NULL
2874,NULL
2875,NULL
2879,NULL
2880,NULL
2888,NULL
2890,NULL
2891,NULL
2892,NULL
2895,NULL
2896,NULL
2901,NULL
2902,NULL
2903,NULL
2904,NULL
2906,NULL
2908,NULL
2912,NULL
2913,NULL
2919,NULL
2920,NULL
2921,NULL
2922,NULL
2923,NULL
2924,NULL
2925,NULL
2927,NULL
2928,NULL
2932,NULL
2933,NULL
2934,NULL
2939,NULL
2940,NULL
2941,NULL
2942,NULL
2944,NULL
2945,NULL
2948,NULL
2949,NULL
2952,NULL
2953,NULL
2954,NULL
2956,NULL
2958,NULL
2959,NULL
2961,NULL
2962,NULL
2963,NULL
2964,NULL
2966,NULL
2967,NULL
2968,NULL
2969,NULL
2971,NULL
2972,NULL
2973,NULL
2974,NULL
2975,NULL
2976,NULL
2977,NULL
2978,NULL
2979,NULL
2980,NULL
2981,NULL
2982,NULL
2984,NULL
2985,NULL
2987,NULL
2988,NULL
2989,NULL
2994,NULL
2997,NULL
2998,NULL
2999,NULL
3004,NULL
3005,NULL
3006,NULL
3010,NULL
3012,NULL
3016,NULL
3017,NULL
3018,NULL
3019,NULL
3020,NULL
3021,NULL
3022,NULL
3023,NULL
3024,NULL
3028,NULL
3029,NULL
3030,NULL
3031,NULL
3034,NULL
3035,NULL
3038,NULL
3039,NULL
3043,NULL
3044,NULL
3045,NULL
3049,NULL
3052,NULL
3053,NULL
3054,NULL
3056,NULL
3057,NULL
3058,NULL
3059,NULL
3063,NULL
3064,NULL
3065,NULL
3066,NULL
3067,NULL
3068,NULL
3070,NULL
3071,NULL
3072,NULL
3073,NULL
3074,NULL
3075,NULL
3076,NULL
3077,NULL
3078,NULL
3079,NULL
3082,NULL
3083,NULL
3084,NULL
3086,NULL
3088,NULL
3090,NULL
3095,NULL
3097,NULL
3099,NULL
3100,NULL
3102,NULL
3104,NULL
3105,NULL
3106,NULL
3107,NULL
3108,NULL
3109,NULL
3111,NULL
3113,NULL
3114,NULL
3115,NULL
3117,NULL
3118,NULL
3121,NULL
3122,NULL
3123,NULL
3128,NULL
3135,NULL
3136,NULL
3137,NULL
3139,NULL
3142,NULL
3143,NULL
3146,NULL
3148,NULL
3151,NULL
3152,NULL
3154,NULL
3156,NULL
3159,NULL
3160,NULL
3163,NULL
3165,NULL
3166,NULL
3168,NULL
3169,NULL
3170,NULL
3171,NULL
3172,NULL
3173,NULL
3174,NULL
3175,NULL
3176,NULL
3178,NULL
3179,NULL
3180,NULL
3181,NULL
3185,NULL
3186,NULL
3187,NULL
3188,NULL
3190,NULL
3192,NULL
3193,NULL
3194,NULL
3196,NULL
3199,NULL
3201,NULL
3213,NULL
3214,NULL
3219,NULL
3220,NULL
3222,NULL
3225,NULL
3231,NULL
3232,NULL
3233,NULL
3244,NULL
3245,NULL
3246,NULL
3247,NULL
3249,NULL
3250,NULL
3251,NULL
3255,NULL
3259,NULL
3261,NULL
3263,NULL
3264,NULL
3265,NULL
3267,NULL
3268,NULL
3270,NULL
3271,NULL
3274,NULL
3277,NULL
3280,NULL
3283,NULL
3284,NULL
3288,NULL
3289,NULL
3290,NULL
3293,NULL
3294,NULL
3295,NULL
3296,NULL
3297,NULL
3299,NULL
3301,NULL
3314,NULL
3324,NULL
3325,NULL
3326,NULL
3328,NULL
3333,NULL
3338,NULL
3340,NULL
3342,NULL
3344,NULL
3348,NULL
3354,NULL
3358,NULL
3359,NULL
3360,NULL
3361,NULL
3362,NULL
3363,NULL
3366,NULL
3367,NULL
3368,NULL
3369,NULL
3370,NULL
3371,NULL
3372,NULL
3373,NULL
3378,NULL
3379,NULL
3380,NULL
3381,NULL
3382,NULL
3383,NULL
3385,NULL
3386,NULL
3389,NULL
3391,NULL
3392,NULL
3394,NULL
3395,NULL
3396,NULL
3399,NULL
3401,NULL
3402,NULL
3404,NULL
3405,NULL
3406,NULL
3408,NULL
3409,NULL
3410,NULL
3411,NULL
3413,NULL
3414,NULL
3415,NULL
3416,NULL
3417,NULL
3418,NULL
3420,NULL
3422,NULL
3424,NULL
3425,NULL
3426,NULL
3430,NULL
3432,NULL
3434,NULL
3435,NULL
3436,NULL
3438,NULL
3439,NULL
3440,NULL
3442,NULL
3443,NULL
3446,NULL
3447,NULL
3449,NULL
3450,NULL
3452,NULL
3453,NULL
3454,NULL
3455,NULL
3458,NULL
3459,NULL
3462,NULL
3465,NULL
3466,NULL
3476,NULL
3477,NULL
3481,NULL
3484,NULL
3485,NULL
3491,NULL
3492,NULL
3493,NULL
3495,NULL
3498,NULL
3501,NULL
3502,NULL
3503,NULL
3506,NULL
3511,NULL
3512,NULL
3513,NULL
3516,NULL
3519,NULL
3520,NULL
3522,NULL
3523,NULL
3524,NULL
3525,NULL
3526,NULL
3527,NULL
3531,NULL
3534,NULL
3535,NULL
3536,NULL
3537,NULL
3538,NULL
3539,NULL
3540,NULL
3541,NULL
3542,NULL
3545,NULL
3546,NULL
3547,NULL
3551,NULL
3555,NULL
3562,NULL
3563,NULL
3565,NULL
3566,NULL
3568,NULL
3570,NULL
3571,NULL
3575,NULL
3577,NULL
3579,NULL
3581,NULL
3582,NULL
3583,NULL
3586,NULL
3589,NULL
3593,NULL
3594,NULL
3596,NULL
3597,NULL
3598,NULL
3599,NULL
3600,NULL
3601,NULL
3602,NULL
3605,NULL
3608,NULL
3609,NULL
3610,NULL
3611,NULL
3612,NULL
3613,NULL
3614,NULL
3616,NULL
3617,NULL
3619,NULL
3620,NULL
3624,NULL
3626,NULL
3630,NULL
3631,NULL
3635,NULL
3636,NULL
3642,NULL
3656,NULL
3657,NULL
3658,NULL
3660,NULL
3661,NULL
3663,NULL
3665,NULL
3670,NULL
3674,NULL
3675,NULL
3676,NULL
3677,NULL
3678,NULL
3683,NULL
3685,NULL
3687,NULL
3688,NULL
3689,NULL
3690,NULL
3691,NULL
3692,NULL
3694,NULL
3695,NULL
3697,NULL
3698,NULL
3699,NULL
3700,NULL
3701,NULL
3702,NULL
3703,NULL
3706,NULL
3707,NULL
3708,NULL
3709,NULL
3711,NULL
3712,NULL
3714,NULL
3716,NULL
3717,NULL
3723,NULL
3728,NULL
3729,NULL
3730,NULL
3731,NULL
3732,NULL
3734,NULL
3736,NULL
3737,NULL
3738,NULL
3742,NULL
3743,NULL
3744,NULL
3745,NULL
3751,NULL
3753,NULL
3756,NULL
3760,NULL
3761,NULL
3762,NULL
3764,NULL
3765,NULL
3771,NULL
3777,NULL
3780,NULL
3785,NULL
3786,NULL
3788,NULL
3789,NULL
3792,NULL
3794,NULL
3798,NULL
3800,NULL
3803,NULL
3806,NULL
3814,NULL
3821,NULL
3822,NULL
3835,NULL
3838,NULL
3839,NULL
3842,NULL
3843,NULL
3845,NULL
3852,NULL
3854,NULL
3855,NULL
3856,NULL
3858,NULL
3859,NULL
3860,NULL
3866,NULL
3869,NULL
3870,NULL
3871,NULL
3872,NULL
3878,NULL
3888,NULL
3897,NULL
3898,NULL
3908,NULL
3909,NULL
3910,NULL
3912,NULL
3915,NULL
3917,NULL
3919,NULL
3921,NULL
3930,NULL
3936,NULL
3939,NULL
3940,NULL
3943,NULL
3946,NULL
3947,NULL
3951,NULL
3954,NULL
3955,NULL
3956,NULL
3958,NULL
3959,NULL
3960,NULL
3961,NULL
3962,NULL
3963,NULL
3964,NULL
3965,NULL
3967,NULL
3968,NULL
3969,NULL
3970,NULL
3971,NULL
3972,NULL
3973,NULL
3974,NULL
3975,NULL
3976,NULL
3979,NULL
3981,NULL
3982,NULL
3983,NULL
3985,NULL
3989,NULL
3991,NULL
3993,NULL
3995,NULL
3997,NULL
3998,NULL
3999,NULL
4002,NULL
4004,NULL
4005,NULL
4006,NULL
4007,NULL
4008,NULL
4012,NULL
4013,NULL
4014,NULL
4017,NULL
4021,NULL
4024,NULL
4025,NULL
4026,NULL
4028,NULL
4029,NULL
4031,NULL
4032,NULL
4034,NULL
4035,NULL
4036,NULL
4043,NULL
4046,NULL
4047,NULL
4048,NULL
4049,NULL
4050,NULL
4051,NULL
4054,NULL
4057,NULL
4061,NULL
4063,NULL
4064,NULL
4065,NULL
4066,NULL
4069,NULL
4072,NULL
4073,NULL
4077,NULL
4078,NULL
4079,NULL
4080,NULL
4081,NULL
4082,NULL
4083,NULL
4084,NULL
4085,NULL
4089,NULL
4090,NULL
4091,NULL
4092,NULL
4095,NULL
4096,NULL
4097,NULL
4098,NULL
4099,NULL
4100,NULL
4103,NULL
4105,NULL
4108,NULL
4109,NULL
4110,NULL
4112,NULL
4114,NULL
4115,NULL
4117,NULL
4118,NULL
4119,NULL
4120,NULL
4121,NULL
4122,NULL
4124,NULL
4126,NULL
4127,NULL
4129,NULL
4130,NULL
4134,NULL
4135,NULL
4136,NULL
4137,NULL
4138,NULL
4139,NULL
